﻿<?xml version="1.0" encoding="utf-8"?>
<XmlConfiguration xmlns="http://www.nh.com/Config">
  <XmlSection Name="IDReader">
    <XmlParameters>
      <XmlParam Key="SelectedEKTPVender" Value="3" />
    </XmlParameters>
  </XmlSection>
  <XmlSection Name="CardDispenser">
    <XmlParameters>
      <XmlParam Key="CardTypeOfCRDBin01" Value="Type1" />
      <XmlParam Key="CardTypeOfCRDBin02" Value="Type2" />
      <XmlParam Key="CardTypeOfCRDBin03" Value="Type3" />
      <XmlParam Key="CardTypeOfCRDBin04" Value="Type4" />
      <XmlParam Key="CardTypeOfCRDBin05" Value="Type5" />
      <XmlParam Key="CardTypeOfCRDBin06" Value="Type6" />
      <XmlParam Key="CardTypeOfCRDBin07" Value="Type7" />
      <XmlParam Key="CardTypeOfCRDBin08" Value="Type8" />
    </XmlParameters>
  </XmlSection>
</XmlConfiguration>