﻿<?xml version="1.0" encoding="utf-8"?>
<ACCOUNTSETTING>
  <ACCOUNT NAME="Supervisor">
    <USER>
      <ID>ANYID</ID>
      <PASSWORD>6F0799C88E0BA242EC35C7E5499553E15C07E576</PASSWORD>
      <PWSAVEDATE>2025/05/05 16:42:08</PWSAVEDATE>
      <PWHISTORY>33E67751DD603B0D998C371F9B47E5275D9D313E,373D2C7A898E928DFEFE8EFEC939DB3DE26229D2,1CE04B447545346FA696021FCCF1C8341CA50FCD,6F0799C88E0BA242EC35C7E5499553E15C07E576</PWHISTORY>
      <PWRETRYCOUNT>
      </PWRETRYCOUNT>
      <LOGINLOCKDATE>
      </LOGINLOCKDATE>
      <SALT>OVL7DK7E1W</SALT>
      <SALTHISTORY>LRFMMAZ1ZO,PCNZHN8IG0,B0Z89ZNHI9,OVL7DK7E1W</SALTHISTORY>
    </USER>
  </ACCOUNT>
  <ACCOUNT NAME="Operator">
  </ACCOUNT>
  <ACCOUNT NAME="Technician">
  </ACCOUNT>
</ACCOUNTSETTING>