<?xml version="1.0" encoding="utf-8"?>
<USERS>
  <SELECTIONMENU READROW="14">
    <WRITE X="1" Y="N4"  STYLE=""         DATA="SELECT MENU :"/>
    <WRITE X="0" Y="N5"  STYLE=""         DATA="[CANCEL] RETURN TO PREV MENU"/>
  </SELECTIONMENU>
  <USER ACCOUNTGROUP="SUPERVISOR">
    <MENU ID="SCR_SUPERVISOR" CAPTION="SUPERVISOR" CHILDCAPTIONLAYOUT="1" LEFTMARGIN="1">

      <!-- *************************************** -->
      <!-- 1. CONFIGURATION -->
      <!-- *************************************** -->
      <MENU ID="CONFIGURATION" KEY="1" CAPTION="CONFIGURATION" CHILDCAPTIONLAYOUT="1" LEFTMARGIN="1">

        <MENU ID="CONFIGURATION_OPERATION" KEY="1" CAPTION="OPERATION CONFIG" CHILDCAPTIONLAYOUT="1" LEFTMARGIN="1">
          <MENU ID="CONFIGURATION_OPERATION_SETMACHINENO"             KEY="1"  CAPTION="MACHINE NO" />
          <MENU ID="CONFIGURATION_OPERATION_LEFTFDKS"                 KEY="2"  CAPTION="LEFT-FDK" />
          <MENU ID="CONFIGURATION_OPERATION_MACFLAG"                  KEY="3"  CAPTION="MAC FLAG" />
          <MENU ID="CONFIGURATION_OPERATION_MSGPROTOCOL"              KEY="4"  CAPTION="MSG PROTOCOL" />
          <MENU ID="CONFIGURATION_OPERATION_SPACELINE"                KEY="5"  CAPTION="SPACE LINE" />
          <MENU ID="CONFIGURATION_OPERATION_INITLUNO"                 KEY="6"  CAPTION="INIT LUNO" />
          <MENU ID="CONFIGURATION_OPERATION_RESETCONFIGID"            KEY="7"  CAPTION="RESET CONFIGID" />
          <MENU ID="CONFIGURATION_OPERATION_SETFULLDOWNLOAD"          KEY="8"  CAPTION="SET CONFIG FULL DOWNLOAD" />
          <MENU ID="CONFIGURATION_OPERATION_USCOMMONAID"              KEY="9"  CAPTION="US COMMON AID" />
        </MENU>

        <MENU ID="CONFIGURATION_CASH"      KEY="2" CAPTION="CASH CONFIG" CHILDCAPTIONLAYOUT="1" LEFTMARGIN="1">

          <MENU ID="CONFIGURATION_CASH_SETCASHMODE"  KEY="1" CAPTION="SET CASH MODE" CHILDCAPTIONLAYOUT="1" LEFTMARGIN="1">

            <MENU ID="CONFIGURATION_CASH_SETCASHMODE_NOTECOUNTING"    KEY="1" CAPTION="NOTE COUNTING" />
            <MENU ID="CONFIGURATION_CASH_SETCASHMODE_CASHUNITMODE"    KEY="2" CAPTION="CASH UNIT MODE" />

          </MENU>

          <MENU ID="CONFIGURATION_CASH_DENOMINATION"   KEY="2" CAPTION="SET DENOMINATION" />
          <MENU ID="CONFIGURATION_CASH_NOTEVALUE"      KEY="3" CAPTION="SET NOTE VALUE" />
          <MENU ID="CONFIGURATION_CASH_SETCASH"        KEY="4" CAPTION="SET CASH(FOR STANDARD CASH)" />
          <MENU ID="CONFIGURATION_CASH_BNA_SETNOTEID"  KEY="5" CAPTION="SET CASHIN NOTE ID" />
        </MENU>

        <MENU ID="CONFIGURATION_SYSTEM" KEY="3" CAPTION="SYSTEM CONFIG" CHILDCAPTIONLAYOUT="1" LEFTMARGIN="1">
          <MENU ID="CONFIGURATION_SYSTEM_DATETIME_DATE"   KEY="1" CAPTION="SET DATE" />
          <MENU ID="CONFIGURATION_SYSTEM_DATETIME_TIME"   KEY="2" CAPTION="SET TIME" />
          <MENU ID="CONFIGURATION_SYSTEM_VOLUME_MASTER"   KEY="3" CAPTION="SET MASTER VOLUME" />
          <MENU ID="CONFIGURATION_SYSTEM_VOLUME_VG"       KEY="4" CAPTION="SET DEFAULT VG VOLUME" />
          <MENU ID="CONFIGURATION_OPERATION_SERIALNUMBER" KEY="5" CAPTION="SERIAL NUMBER" />
        </MENU>

        <MENU ID="CONFIGURATION_NETWORK" KEY="4" CAPTION="NETWORK CONFIG" CHILDCAPTIONLAYOUT="1" LEFTMARGIN="1">

          <MENU ID="CONFIGURATION_NETWORK_COMMUNICATION" KEY="1" CAPTION="COMMUNICATION MODE"/>

          <MENU ID="CONFIGURATION_NETWORK_TCPIP" KEY="2" CAPTION="TCP/IP" CHILDCAPTIONLAYOUT="1" LEFTMARGIN="1">

            <MENU ID="CONFIGURATION_NETWORK_TCPIP_DHCP"       KEY="1" CAPTION="DHCP" />

            <MENU ID="CONFIGURATION_NETWORK_TCPIP_ATM"        KEY="2" CAPTION="ATM ADDRESS" CHILDCAPTIONLAYOUT="1" LEFTMARGIN="1">
              <MENU ID="CONFIGURATION_NETWORK_TCPIP_ATM_CURRENTSTATUS"        KEY="1" CAPTION="CURRENT STATUS" />
              <MENU ID="CONFIGURATION_NETWORK_TCPIP_ATM_IP"                   KEY="2" CAPTION="IP ADDRESS" />
              <MENU ID="CONFIGURATION_NETWORK_TCPIP_ATM_SUBNET"               KEY="3" CAPTION="SUBNET MASK" />
              <MENU ID="CONFIGURATION_NETWORK_TCPIP_ATM_GATEWAY"              KEY="4" CAPTION="GATEWAY" />
              <MENU ID="CONFIGURATION_NETWORK_TCPIP_ATM_PRIMARYDNS"           KEY="5" CAPTION="PRIMARY DNS" />
              <MENU ID="CONFIGURATION_NETWORK_TCPIP_ATM_SECONDARYDNS"         KEY="6" CAPTION="SECONDARY DNS" />
            </MENU>

            <MENU ID="CONFIGURATION_NETWORK_TCPIP_HOST"        KEY="3" CAPTION="HOST ADDRESS" CHILDCAPTIONLAYOUT="1" LEFTMARGIN="1">
              <MENU ID="CONFIGURATION_NETWORK_TCPIP_HOST_CURRENTSTATUS"           KEY="1" CAPTION="CURRENT STATUS" />
              <MENU ID="CONFIGURATION_NETWORK_TCPIP_HOST_SETATMTOSERVERORCLIENT"  KEY="2" CAPTION="ATM SERVER MODE" />
              <MENU ID="CONFIGURATION_NETWORK_TCPIP_HOST_IP"                      KEY="3" CAPTION="HOST IP ADDRESS" />
              <MENU ID="CONFIGURATION_NETWORK_TCPIP_HOST_PORT"                    KEY="4" CAPTION="HOST PORT NUMBER" />
              <MENU ID="CONFIGURATION_NETWORK_TCPIP_HOST_LOCALPORT"               KEY="5" CAPTION="LOCAL PORT NUMBER" />
            </MENU>

            <MENU ID="CONFIGURATION_NETWORK_TCPIP_ADVANCED"     KEY="4" CAPTION="ADVANCED MESSAGE" CHILDCAPTIONLAYOUT="1" LEFTMARGIN="1">
              <MENU ID="CONFIGURATION_NETWORK_TCPIP_ADVANCED_MSGFORMAT"       KEY="1" CAPTION="MSG FORMAT" />
              <MENU ID="CONFIGURATION_NETWORK_TCPIP_ADVANCED_LENSIZE"         KEY="2" CAPTION="LEN SIZE" />
              <MENU ID="CONFIGURATION_NETWORK_TCPIP_ADVANCED_LENFORMAT"       KEY="3" CAPTION="LEN FORMAT" />
              <MENU ID="CONFIGURATION_NETWORK_TCPIP_ADVANCED_LENADJUST"       KEY="4" CAPTION="LEN ADJUST" />
              <MENU ID="CONFIGURATION_NETWORK_TCPIP_ADVANCED_LENOFFSET"       KEY="5" CAPTION="LEN OFFSET" />
              <MENU ID="CONFIGURATION_NETWORK_TCPIP_ADVANCED_LENEMBED"        KEY="6" CAPTION="LEN EMBED" />
              <MENU ID="CONFIGURATION_NETWORK_TCPIP_ADVANCED_RCVTIMEOUT"      KEY="7" CAPTION="RCV TIMEOUT" />
              <MENU ID="CONFIGURATION_NETWORK_TCPIP_ADVANCED_RETRYTIMER"      KEY="8" CAPTION="RETRY TIMER" />
              <MENU ID="CONFIGURATION_NETWORK_TCPIP_ADVANCED_KEEPALIVE"       KEY="9" CAPTION="KEEP ALIVE" />
            </MENU>

            <MENU ID="CONFIGURATION_NETWORK_TCPIP_PINGTEST"      KEY="5" CAPTION="PING TEST" />
            <MENU ID="CONFIGURATION_NETWORK_TCPIP_SSL"           KEY="6" CAPTION="SSL" />
          </MENU>

          <MENU ID="CONFIGURATION_NETWORK_X25"                   KEY="3" CAPTION="X.25" CHILDCAPTIONLAYOUT="1" LEFTMARGIN="1">
            <MENU ID="CONFIGURATION_NETWORK_X25_LOCAL"                        KEY="1" CAPTION="X.25 LOCAL ADDRESS" />
            <MENU ID="CONFIGURATION_NETWORK_X25_REMOTE"                       KEY="2" CAPTION="X.25 REMOTE ADDRESS" />
          </MENU>

          <MENU ID="CONFIGURATION_NETWORK_DIALUP"                KEY="4" CAPTION="DIAL-UP" CHILDCAPTIONLAYOUT="1" LEFTMARGIN="1">

            <MENU ID="CONFIGURATION_NETWORK_DIALUP_APPLPARAM"                 KEY="1" CAPTION="APPL PARAM" CHILDCAPTIONLAYOUT="1" LEFTMARGIN="1">
              <MENU ID="CONFIGURATION_NETWORK_DIALUP_APPLPARAM_BIN"                   KEY="1" CAPTION="BIN" />
              <MENU ID="CONFIGURATION_NETWORK_DIALUP_APPLPARAM_TERMINALID"            KEY="2" CAPTION="TERMINAL ID" />
              <MENU ID="CONFIGURATION_NETWORK_DIALUP_APPLPARAM_TRANCOMPMSG"           KEY="3" CAPTION="TRAN COMP MSG" />
              <MENU ID="CONFIGURATION_NETWORK_DIALUP_APPLPARAM_ACTIVITYTIMER"         KEY="4" CAPTION="ACTIVITY TIMER" />
              <MENU ID="CONFIGURATION_NETWORK_DIALUP_APPLPARAM_MSGONCP"               KEY="5" CAPTION="MSG ON CP" />
              <MENU ID="CONFIGURATION_NETWORK_DIALUP_APPLPARAM_CPMSGTIMER"            KEY="6" CAPTION="CP MSG TIMER" />
              <MENU ID="CONFIGURATION_NETWORK_DIALUP_APPLPARAM_ERRREDIALTIMER"        KEY="7" CAPTION="ERR REDIAL TIMER" />
            </MENU>
            <MENU ID="CONFIGURATION_NETWORK_DIALUP_MODEMLINK"                  KEY="2" CAPTION="MODEM LINK" CHILDCAPTIONLAYOUT="1" LEFTMARGIN="1">
              <MENU ID="CONFIGURATION_NETWORK_DIALUP_MODEMLINK_PRIMARYNUMBER"         KEY="1" CAPTION="PRIMARY NUMBER" />
              <MENU ID="CONFIGURATION_NETWORK_DIALUP_MODEMLINK_SECONDARYNUMBER"       KEY="2" CAPTION="SECONDARY NUMBER" />
              <MENU ID="CONFIGURATION_NETWORK_DIALUP_MODEMLINK_CONNECTTIMER"          KEY="3" CAPTION="CONNECT TIMER" />
              <MENU ID="CONFIGURATION_NETWORK_DIALUP_MODEMLINK_CMDRESPONSETIMER"      KEY="4" CAPTION="CMD RESPONSE TIMER" />
              <MENU ID="CONFIGURATION_NETWORK_DIALUP_MODEMLINK_MODEMINITSTR"          KEY="5" CAPTION="MODEM INIT STR" />
            </MENU>
            <MENU ID="CONFIGURATION_NETWORK_DIALUP_VISA2"                      KEY="3" CAPTION="VISA 2" CHILDCAPTIONLAYOUT="1" LEFTMARGIN="1">
              <MENU ID="CONFIGURATION_NETWORK_DIALUP_VISA2_ENQTIMER"                  KEY="1" CAPTION="ENQ TIMER" />
              <MENU ID="CONFIGURATION_NETWORK_DIALUP_VISA2_MSGRETRIES"                KEY="2" CAPTION="MSG RETRIES" />
              <MENU ID="CONFIGURATION_NETWORK_DIALUP_VISA2_ACKTIMER"                  KEY="3" CAPTION="ACK TIMER" />
              <MENU ID="CONFIGURATION_NETWORK_DIALUP_VISA2_PREDIAL"                   KEY="4" CAPTION="PREDIAL" />
              <MENU ID="CONFIGURATION_NETWORK_DIALUP_VISA2_DIALSENDTIMER"             KEY="5" CAPTION="DIAL SEND TIMER" />
              <MENU ID="CONFIGURATION_NETWORK_DIALUP_VISA2_BACKOFFTIMER"              KEY="6" CAPTION="BACKOFF TIMER" />
            </MENU>
            <MENU ID="CONFIGURATION_NETWORK_DIALUP_NETWORKADDRESS"             KEY="4" CHILDCAPTIONLAYOUT="1" CAPTION="NETWORK ADDRESS">
              <MENU ID="CONFIGURATION_NETWORK_DIALUP_NETWORKADDRESS_NAOPTION"         KEY="1" CAPTION="N/A OPTION" />
              <MENU ID="CONFIGURATION_NETWORK_DIALUP_NETWORKADDRESS_NADELAYTIMER"     KEY="2" CAPTION="N/A DELAY TIMER" />
              <MENU ID="CONFIGURATION_NETWORK_DIALUP_NETWORKADDRESS_NARESPONSETIMER"  KEY="3" CAPTION="N/A RESPONSE TIMER" />
              <MENU ID="CONFIGURATION_NETWORK_DIALUP_NETWORKADDRESS_NASTRING"         KEY="4" CAPTION="N/A STRING" />
            </MENU>
            <MENU ID="CONFIGURATION_NETWORK_DIALUP_DIAGNOSTIC"                 KEY="5" CHILDCAPTIONLAYOUT="1" CAPTION="RESET &amp; CONNECTION TEST">
              <MENU ID="CONFIGURATION_NETWORK_DIALUP_DIAGNOSTIC_RESETMODEM"           KEY="1" CAPTION="RESET MODEM" />
              <MENU ID="CONFIGURATION_NETWORK_DIALUP_DIAGNOSTIC_DIALTEST"             KEY="2" CAPTION="DIAL TEST" />
            </MENU>

          </MENU>

          <MENU ID="CONFIGURATION_NETWORK_RMS"                  KEY="5" CAPTION="RMS" CHILDCAPTIONLAYOUT="1" LEFTMARGIN="1">

            <MENU ID="CONFIGURATION_NETWORK_RMS_TYPE"                  KEY="1" CAPTION="RMS TYPE" />

            <MENU ID="CONFIGURATION_NETWORK_RMS_CONFIG"                KEY="2" CAPTION="RMS CONFIG" CHILDCAPTIONLAYOUT="1" LEFTMARGIN="1">
              <MENU ID="CONFIGURATION_NETWORK_RMS_CONFIG_SEND"                        KEY="1" CAPTION="RMS SEND ENABLE" />
              <MENU ID="CONFIGURATION_NETWORK_RMS_CONFIG_ID"                          KEY="2" CAPTION="RMS ID" />
              <MENU ID="CONFIGURATION_NETWORK_RMS_CONFIG_PASSWORD"                    KEY="3" CAPTION="RMS PASSWORD" />
              <MENU ID="CONFIGURATION_NETWORK_RMS_CONFIG_REMOTEIP"                    KEY="4" CAPTION="RMS IP ADDRESS" />
              <MENU ID="CONFIGURATION_NETWORK_RMS_CONFIG_OUTPORT"                     KEY="5" CAPTION="RMS LISTENING PORT" />
              <MENU ID="CONFIGURATION_NETWORK_RMS_CONFIG_INPORT"                      KEY="6" CAPTION="ATM LISTENING PORT" />
              <MENU ID="CONFIGURATION_NETWORK_RMS_CONFIG_PHONENUMBER1"                KEY="7" CAPTION="PHONE NUMBER 1" />
              <MENU ID="CONFIGURATION_NETWORK_RMS_CONFIG_PHONENUMBER2"                KEY="8" CAPTION="PHONE NUMBER 2" />
              <MENU ID="CONFIGURATION_NETWORK_RMS_CONFIG_RINGCOUNT"                   KEY="9" CAPTION="RING COUNT" />
              <MENU ID="CONFIGURATION_NETWORK_RMS_CONFIG_MODEMINITSTR"                KEY="10" CAPTION="MODEM INIT STR" />
            </MENU>
            <MENU ID="CONFIGURATION_NETWORK_RMS_SCHEDULEDEJUPLOAD"     KEY="3" CAPTION="SCHEDULED EJ UPLOAD"/>

          </MENU>

        </MENU>
        <MENU ID="CONFIGURATION_DISPLAY" KEY="5" CAPTION="DISPLAY CONFIG" CHILDCAPTIONLAYOUT="1" LEFTMARGIN="1">

          <MENU ID="CONFIGURATION_DISPLAY_SCREEN"        KEY="1" CAPTION="SCREEN CONFIG" CHILDCAPTIONLAYOUT="1" LEFTMARGIN="1">
            <MENU ID="CONFIGURATION_DISPLAY_SCREEN_CRT"     KEY="1" CAPTION="SET CRT LAYOUT" />
            <MENU ID="CONFIGURATION_DISPLAY_SCREEN_FONT"    KEY="2" CAPTION="SET FONT SIZE" />
          </MENU>

          <MENU ID="CONFIGURATION_DISPLAY_WELCOMESCREEN" KEY="2" CAPTION="WELCOME CONFIG" />

          <MENU ID="CONFIGURATION_DISPLAY_VFD"           KEY="3" CAPTION="VFD CONFIG" />

          <MENU ID="CONFIGURATION_DISPLAY_CARDHOLDER"    KEY="4" CAPTION="CARDHOLDER CONFIG" />

        </MENU>

        <MENU ID="CONFIGURATION_DEVICE" KEY="6" CAPTION="DEVICE CONFIG" CHILDCAPTIONLAYOUT="1" LEFTMARGIN="1">
          <MENU ID="CONFIGURATION_DEVICE_SETUP"          KEY="1" CAPTION="DEVICE SETUP(TMD/DVR/FGR/VFD)" />
          <MENU ID="CONFIGURATION_DEVICE_DEPOSITSETUP"   KEY="2" CAPTION="DEPOSIT DEVICE SETUP" />
          <MENU ID="CONFIGURATION_DEVICE_FINGERTYPE"     KEY="3" CAPTION="FINGER PRINT SCANNER" />
        </MENU>

        <MENU ID="CONFIGURATION_DEPOSIT" KEY="7" CAPTION="DEPOSIT CONFIG" CHILDCAPTIONLAYOUT="1" LEFTMARGIN="1">

          <MENU ID="CONFIGURATION_DEPOSIT_EMULATIONSETUP" KEY="1" CAPTION="DEPOSITORY EMULATION SETUP" />

          <MENU ID="CONFIGURATION_DEPOSIT_CHECK21"     KEY="2" CAPTION="XML FILE SETTINGS" CHILDCAPTIONLAYOUT="1" LEFTMARGIN="1">

            <MENU ID="CONFIGURATION_DEPOSIT_CHECK21_TYPE"           KEY="1" CAPTION="XML TYPE" />

            <MENU ID="CONFIGURATION_DEPOSIT_CHECK21_ACCOUNTNUMBER"  KEY="2" CAPTION="XML ACCOUNT NUMBER ELEMENT" CHILDCAPTIONLAYOUT="1" LEFTMARGIN="1">
              <MENU ID="CONFIGURATION_DEPOSIT_CHECK21_ACCOUNTNUMBER_CURRENTSTATUS"   KEY="1" CAPTION="CURRENT STATUS" />
              <MENU ID="CONFIGURATION_DEPOSIT_CHECK21_ACCOUNTNUMBER_TYPE"            KEY="2" CAPTION="EXTRACT ACCOUNT NUMBER TYPE" />
              <MENU ID="CONFIGURATION_DEPOSIT_CHECK21_ACCOUNTNUMBER_OFFSET"          KEY="3" CAPTION="SET ACCOUNT NUMBER FIXED OFFSET" />
              <MENU ID="CONFIGURATION_DEPOSIT_CHECK21_ACCOUNTNUMBER_LENGTH"          KEY="4" CAPTION="SET ACCOUNT NUMBER FIXED LENGTH" />
              <MENU ID="CONFIGURATION_DEPOSIT_CHECK21_ACCOUNTNUMBER_SEPARATORCHAR"   KEY="5" CAPTION="SET ACCOUNT NUMBER SEPARATOR CHAR." />
              <MENU ID="CONFIGURATION_DEPOSIT_CHECK21_ACCOUNTNUMBER_SEPARATOROFFSET" KEY="6" CAPTION="SET ACCOUNT NUMBER SEPARATOR OFFSET" />
            </MENU>

            <MENU ID="CONFIGURATION_DEPOSIT_TYPE"                   KEY="3" CAPTION="XML DEPOSIT TYPE ELEMENT" CHILDCAPTIONLAYOUT="1" LEFTMARGIN="1">
              <MENU ID="CONFIGURATION_DEPOSIT_TYPE_CURRENTSTATUS"                    KEY="1" CAPTION="CURRENT STATUS" />
              <MENU ID="CONFIGURATION_DEPOSIT_TYPE_SETOPCODEBYTE"                    KEY="2" CAPTION="SET OPCODE BYTE" />
              <MENU ID="CONFIGURATION_DEPOSIT_TYPE_SETOPCODEDDA"                     KEY="3" CAPTION="SET OPCODE CHAR. OF DDA" />
              <MENU ID="CONFIGURATION_DEPOSIT_TYPE_SETOPCODESAVINGS"                 KEY="4" CAPTION="SET OPCODE CHAR. OF SAVINGS" />
              <MENU ID="CONFIGURATION_DEPOSIT_TYPE_SETOPCODEPAYMENT"                 KEY="5" CAPTION="SET OPCODE CHAR. OF PAYMENT" />
              <MENU ID="CONFIGURATION_DEPOSIT_TYPE_SETOPCODECASHEDCHECK"             KEY="6" CAPTION="SET OPCODE CHAR. OF CASHEDCHECK" />
              <MENU ID="CONFIGURATION_DEPOSIT_TYPE_SETOPCODECHECKING"                KEY="7" CAPTION="SET OPCODE CHAR. OF CHECKING" />
              <MENU ID="CONFIGURATION_DEPOSIT_TYPE_SETOPCODECREDIT"                  KEY="8" CAPTION="SET OPCODE CHAR. OF CREDIT" />
            </MENU>

            <MENU ID="CONFIGURATION_DEPOSIT_ITEMTYPE"               KEY="4" CAPTION="XML ITEM TYPE ELEMENT" />
          </MENU>

          <MENU ID="CONFIGURATION_DEPOSIT_MICROPTIONS"            KEY="3" CAPTION="MICR OPTIONS" CHILDCAPTIONLAYOUT="1" LEFTMARGIN="1">
            <MENU ID="CONFIGURATION_DEPOSIT_MICROPTIONS_ACCEPTIRD"                KEY="1" CAPTION="ACCEPT IRD DOCUMENTS" />
            <MENU ID="CONFIGURATION_DEPOSIT_MICROPTIONS_MUSTDETECTMICRINK"        KEY="2" CAPTION="MUST DETECT MICR INK" />
            <MENU ID="CONFIGURATION_DEPOSIT_MICROPTIONS_ALLOWREJECTCHARACTERS"    KEY="3" CAPTION="ALLOW REJECT CHARACTERS" />
            <MENU ID="CONFIGURATION_DEPOSIT_MICROPTIONS_ENFORCEMOD10CHECK"        KEY="4" CAPTION="ENFORCE MOD10 CHECK" />
          </MENU>

          <MENU ID="CONFIGURATION_DEPOSIT_MISC"                   KEY="4" CAPTION="MISC CHECK OPTIONS" CHILDCAPTIONLAYOUT="1" LEFTMARGIN="1">
            <MENU ID="CONFIGURATION_DEPOSIT_MISC_ACCEPTMONEYORDERS"               KEY="1" CAPTION="ACCEPT MONEY ORDERS" />
            <MENU ID="CONFIGURATION_DEPOSIT_MISC_MAXCHECKAMOUNT"                  KEY="2" CAPTION="MAXIMUM CHECK AMOUNT" />
          </MENU>
        </MENU>

        <MENU ID="CONFIGURATION_PRINTALL" KEY="8" CAPTION="PRNT ALL CONFIG" />

        <MENU ID="CONFIGURATION_VERSION"  KEY="9" CAPTION="VERSION INFORMATION" />

      </MENU>

      <!-- *************************************** -->
      <!-- 2. REPLENISHMENT -->
      <!-- *************************************** -->
      <MENU ID="REPLENISHMENT" KEY="2" CAPTION="REPLENISHENT" CHILDCAPTIONLAYOUT="1" LEFTMARGIN="1">

        <MENU ID="REPLENISHMENT_DISPSPPLY"         KEY="1" CAPTION="DISPLAY SUPPLY" />

        <MENU ID="REPLENISHMENT_DISPCASHOUT"       KEY="2" CAPTION="DISPLAY CASH OUT" />
        <MENU ID="REPLENISHMENT_DISPCASHIN"        KEY="3" CAPTION="DISPLAY CASH IN" />
        <!-- Display BNA 엄슴 -->
        <MENU ID="REPLENISHMENT_DISPLAYCHECKSIN"   KEY="4" CAPTION="DISPLAY CHECKS IN" />
        <MENU ID="REPLENISHMENT_CLEARCOUNT"        KEY="5" CAPTION="CLEAR COUNT"    CHILDCAPTIONLAYOUT="1" LEFTMARGIN="1">
          <MENU ID="REPLENISHMENT_CLEARCOUNT_CASHOUT"           KEY="1" CAPTION="CLEAR CASHOUT" />
          <MENU ID="REPLENISHMENT_CLEARCOUNT_REJDIV"            KEY="2" CAPTION="CLEAR REJECTED/DIVERTED CASH" />
          <MENU ID="REPLENISHMENT_CLEARCOUNT_CARD"              KEY="3" CAPTION="CLEAR RETAINED CARD" />
          <MENU ID="REPLENISHMENT_CLEARCOUNT_DEPOSIT"           KEY="4" CAPTION="CLEAR DEPOSIT" />
          <MENU ID="REPLENISHMENT_CLEARCOUNT_CASHIN"            KEY="5" CAPTION="CLEAR CASHIN" />
          <MENU ID="REPLENISHMENT_CLEARCOUNT_CHECKSIN"          KEY="6" CAPTION="CLEAR CHECKSIN" />
        </MENU>

        <MENU ID="REPLENISHMENT_ADDCASH"           KEY="6" CAPTION="ADD CASH" />

        <MENU ID="REPLENISHMENT_STANDARDCASH"      KEY="7" CAPTION="STANDARD CASH" />

        <MENU ID="REPLENISHMENT_INITIALIZEDEVICE"  KEY="8" CAPTION="INITIALIZE DEVICE" CHILDCAPTIONLAYOUT="1" LEFTMARGIN="1">
          <MENU ID="REPLENISHMENT_INITIALIZEDEVICE_CASH"        KEY="1"  CAPTION="INITIALIZE CASH DISPENSER" />
          <MENU ID="REPLENISHMENT_INITIALIZEDEVICE_TESTCARD"    KEY="2"  CAPTION="INITIALIZE CARD READER" />
          <MENU ID="REPLENISHMENT_INITIALIZEDEVICE_RECEIPT"     KEY="3"  CAPTION="INITIALIZE PRINTER (RECEIPT)" />
          <MENU ID="REPLENISHMENT_INITIALIZEDEVICE_JPR"         KEY="4"  CAPTION="INITIALIZE PRINTER (JOURNAL)" />
          <MENU ID="REPLENISHMENT_INITIALIZEDEVICE_DEPOSITORY"  KEY="5"  CAPTION="INITIALIZE DEPOSITORY" />
          <MENU ID="REPLENISHMENT_INITIALIZEDEVICE_BCA"         KEY="6"  CAPTION="INITIALIZE BCA" />
          <MENU ID="REPLENISHMENT_INITIALIZEDEVICE_BNA"         KEY="7"  CAPTION="INITIALIZE BUNCH NOTE ACCEPTOR" />
          <MENU ID="REPLENISHMENT_INITIALIZEDEVICE_TESTCASH"    KEY="8"  CAPTION="TEST CASH DISPENSER" />
          <MENU ID="REPLENISHMENT_INITIALIZEDEVICE_BRM"         KEY="9"  CAPTION="INITIALIZE BRM" />
          <MENU ID="REPLENISHMENT_INITIALIZEDEVICE_MMA"         KEY="10" CAPTION="INITIALIZE MIXED MEDIA ACCEPTOR" />
        </MENU>

        <MENU ID="REPLENISHMENT_BCAINK"            KEY="9" CAPTION="REPLENISH INK" />

      </MENU>

      <!-- *************************************** -->
      <!-- 3. Journal -->
      <!-- *************************************** -->

      <!-- *************************************** -->
      <!-- 4. Copy Logs -->
      <!-- *************************************** -->
      <MENU ID="REMOTECOPY" KEY="4" CAPTION="COPY LOGS" CHILDCAPTIONLAYOUT="1" LEFTMARGIN="1">
        <MENU ID="REMOTECOPY_LOGBACKUP"  KEY="1" CAPTION="COPY LOGS" CHILDCAPTIONLAYOUT="1" LEFTMARGIN="1">
          <MENU ID="REMOTECOPY_LOGBACKUP_TODAY"  KEY="1" CAPTION="COPY TODAY'S LOG" />
          <MENU ID="REMOTECOPY_LOGBACKUP_PERIOD" KEY="2" CAPTION="COPY DATE RANGE LOG" />
        </MENU>
        <MENU ID="REMOTECOPY_EJBACKUP"  KEY="2" CAPTION="COPY EJ" CHILDCAPTIONLAYOUT="1" LEFTMARGIN="1">
          <MENU ID="REMOTECOPY_EJBACKUP_TODAY"      KEY="1" CAPTION="COPY TODAY'S EJ" />
          <MENU ID="REMOTECOPY_EJBACKUP_PERIOD"     KEY="2" CAPTION="COPY DATE RANGE EJ" />
          <MENU ID="REMOTECOPY_EJBACKUP_AUTOPERIOD" KEY="3" CAPTION="COPY AUTO DATE RANGE EJ" />
        </MENU>
        <MENU ID="REMOTECOPY_APPCONFIGBACKUP" KEY="3" CAPTION="COPY APPLICATION CONFIG" />
        <MENU ID="REMOTECOPY_CHECKBACKUP"     KEY="4" CAPTION="COPY CHECK RESULT LOGS" />
      </MENU>

      <!-- *************************************** -->
      <!-- 5. SPVR -->
      <!-- *************************************** -->
      <MENU ID="SPVR" KEY="5" CAPTION="SUPERVISOR TRANSACTION" CHILDCAPTIONLAYOUT="1" LEFTMARGIN="1" />

      <!-- *************************************** -->
      <!-- 6. Device Status -->
      <!-- *************************************** -->
      <MENU ID="DEVICESTATUS" KEY="6" CAPTION="DEVICE STATUS" CHILDCAPTIONLAYOUT="1" LEFTMARGIN="1">
        <MENU ID="DEVICESTATUS_VIEWERRORCODE_HISTORY"       KEY="1" CAPTION="ERROR CODE HISTORY" />
        <MENU ID="DEVICESTATUS_VIEWERRORCODE_SEARCH"        KEY="2" CAPTION="SEARCH ERROR CODE" />
        <MENU ID="DEVICESTATUS_VIEWERRORCODE_HISTORY_CLEAR" KEY="3" CAPTION="CLEAR ERROR CODE HISTORY" />
      </MENU>

      <!-- *************************************** -->
      <!-- 7. Change Password -->
      <!-- *************************************** -->
      <MENU ID="CHANGEPASSWORD" KEY="7" CAPTION="CHANGE PASSWORD" />

      <!-- *************************************** -->
      <!-- 8. Diagnostic -->
      <!-- *************************************** -->
      <MENU ID="DIAGNOSTIC" KEY="8" CAPTION="DIAGNOSTIC" />

      <!-- *************************************** -->
      <!-- 9. Software update -->
      <!-- *************************************** -->
      <MENU ID="SWUPDATE" KEY="9" CAPTION="SOFTWARE UPDATE" />

      <!-- *************************************** -->
      <!-- 10. Reboot -->
      <!-- *************************************** -->
      <MENU ID="REBOOT" KEY="10" CAPTION="REBOOT" CHILDCAPTIONLAYOUT="1" LEFTMARGIN="1">
        <MENU ID="REBOOT_NOW"          KEY="1" CAPTION="REBOOT NOW" />
        <MENU ID="REBOOT_TASKSCHEDULE" KEY="2" CAPTION="REBOOT TASK SCHEDULE" />
      </MENU>

      <!-- *************************************** -->
      <!-- Etc -->
      <!-- *************************************** -->
      <MENU ID="EXIT" KEY="CANCEL" CAPTION="" />
    </MENU>
  </USER>
  
  <USER ACCOUNTGROUP="OPERATOR">
    <MENU ID="SCR_OPERATOR" CAPTION="OPERATOR" CHILDCAPTIONLAYOUT="1" LEFTMARGIN="1">
      <!-- *************************************** -->
      <!-- 2. REPLENISHMENT -->
      <!-- *************************************** -->
      <MENU ID="REPLENISHMENT" KEY="2" CAPTION="REPLENISHENT" CHILDCAPTIONLAYOUT="1" LEFTMARGIN="1">

        <MENU ID="REPLENISHMENT_DISPSPPLY"         KEY="1" CAPTION="DISPLAY SUPPLY" />

        <MENU ID="REPLENISHMENT_DISPCASHOUT"       KEY="2" CAPTION="DISPLAY CASH OUT" />
        <MENU ID="REPLENISHMENT_DISPCASHIN"        KEY="3" CAPTION="DISPLAY CASH IN" />
        <!-- Display BNA 엄슴 -->
        <MENU ID="REPLENISHMENT_DISPLAYCHECKSIN"   KEY="4" CAPTION="DISPLAY CHECKS IN" />
        <MENU ID="REPLENISHMENT_CLEARCOUNT"        KEY="5" CAPTION="CLEAR COUNT"    CHILDCAPTIONLAYOUT="1" LEFTMARGIN="1">
          <MENU ID="REPLENISHMENT_CLEARCOUNT_CASHOUT"           KEY="1" CAPTION="CLEAR CASHOUT" />
          <MENU ID="REPLENISHMENT_CLEARCOUNT_REJDIV"            KEY="2" CAPTION="CLEAR REJECTED/DIVERTED CASH" />
          <MENU ID="REPLENISHMENT_CLEARCOUNT_CARD"              KEY="3" CAPTION="CLEAR RETAINED CARD" />
          <MENU ID="REPLENISHMENT_CLEARCOUNT_DEPOSIT"           KEY="4" CAPTION="CLEAR DEPOSIT" />
          <MENU ID="REPLENISHMENT_CLEARCOUNT_CASHIN"            KEY="5" CAPTION="CLEAR CASHIN" />
          <MENU ID="REPLENISHMENT_CLEARCOUNT_CHECKSIN"          KEY="6" CAPTION="CLEAR CHECKSIN" />
        </MENU>

        <MENU ID="REPLENISHMENT_ADDCASH"           KEY="6" CAPTION="ADD CASH" />

        <MENU ID="REPLENISHMENT_STANDARDCASH"      KEY="7" CAPTION="STANDARD CASH" />

        <MENU ID="REPLENISHMENT_INITIALIZEDEVICE"  KEY="8" CAPTION="INITIALIZE DEVICE" CHILDCAPTIONLAYOUT="1" LEFTMARGIN="1">
          <MENU ID="REPLENISHMENT_INITIALIZEDEVICE_CASH"        KEY="1"  CAPTION="INITIALIZE CASH DISPENSER" />
          <MENU ID="REPLENISHMENT_INITIALIZEDEVICE_TESTCARD"    KEY="2"  CAPTION="INITIALIZE CARD READER" />
          <MENU ID="REPLENISHMENT_INITIALIZEDEVICE_RECEIPT"     KEY="3"  CAPTION="INITIALIZE PRINTER (RECEIPT)" />
          <MENU ID="REPLENISHMENT_INITIALIZEDEVICE_JPR"         KEY="4"  CAPTION="INITIALIZE PRINTER (JOURNAL)" />
          <MENU ID="REPLENISHMENT_INITIALIZEDEVICE_DEPOSITORY"  KEY="5"  CAPTION="INITIALIZE DEPOSITORY" />
          <MENU ID="REPLENISHMENT_INITIALIZEDEVICE_BCA"         KEY="6"  CAPTION="INITIALIZE BCA" />
          <MENU ID="REPLENISHMENT_INITIALIZEDEVICE_BNA"         KEY="7"  CAPTION="INITIALIZE BUNCH NOTE ACCEPTOR" />
          <MENU ID="REPLENISHMENT_INITIALIZEDEVICE_TESTCASH"    KEY="8"  CAPTION="TEST CASH DISPENSER" />
          <MENU ID="REPLENISHMENT_INITIALIZEDEVICE_BRM"         KEY="9"  CAPTION="INITIALIZE BRM" />
          <MENU ID="REPLENISHMENT_INITIALIZEDEVICE_MMA"         KEY="10" CAPTION="INITIALIZE MIXED MEDIA ACCEPTOR" />
        </MENU>

        <MENU ID="REPLENISHMENT_BCAINK"            KEY="9" CAPTION="REPLENISH INK" />

      </MENU>

      <!-- *************************************** -->
      <!-- 4. Copy Logs -->
      <!-- *************************************** -->
      <MENU ID="REMOTECOPY" KEY="4" CAPTION="COPY LOGS" CHILDCAPTIONLAYOUT="1" LEFTMARGIN="1">
        <MENU ID="REMOTECOPY_LOGBACKUP"  KEY="1" CAPTION="COPY LOGS" CHILDCAPTIONLAYOUT="1" LEFTMARGIN="1">
          <MENU ID="REMOTECOPY_LOGBACKUP_TODAY"  KEY="1" CAPTION="COPY TODAY'S LOG" />
          <MENU ID="REMOTECOPY_LOGBACKUP_PERIOD" KEY="2" CAPTION="COPY DATE RANGE LOG" />
        </MENU>
        <MENU ID="REMOTECOPY_EJBACKUP"  KEY="2" CAPTION="COPY EJ" CHILDCAPTIONLAYOUT="1" LEFTMARGIN="1">
          <MENU ID="REMOTECOPY_EJBACKUP_TODAY"      KEY="1" CAPTION="COPY TODAY'S EJ" />
          <MENU ID="REMOTECOPY_EJBACKUP_PERIOD"     KEY="2" CAPTION="COPY DATE RANGE EJ" />
          <MENU ID="REMOTECOPY_EJBACKUP_AUTOPERIOD" KEY="3" CAPTION="COPY AUTO DATE RANGE EJ" />
        </MENU>
        <MENU ID="REMOTECOPY_APPCONFIGBACKUP" KEY="3" CAPTION="COPY APPLICATION CONFIG" />
        <MENU ID="REMOTECOPY_CHECKBACKUP"     KEY="4" CAPTION="COPY CHECK RESULT LOGS" />
      </MENU>

      <!-- *************************************** -->
      <!-- 5. SPVR -->
      <!-- *************************************** -->
      <MENU ID="SPVR" KEY="5" CAPTION="SUPERVISOR TRANSACTION" CHILDCAPTIONLAYOUT="1" LEFTMARGIN="1" />

      <!-- *************************************** -->
      <!-- 6. Device Status -->
      <!-- *************************************** -->
      <MENU ID="DEVICESTATUS" KEY="6" CAPTION="DEVICE STATUS" CHILDCAPTIONLAYOUT="1" LEFTMARGIN="1">
        <MENU ID="DEVICESTATUS_VIEWERRORCODE_HISTORY"       KEY="1" CAPTION="ERROR CODE HISTORY" />
        <MENU ID="DEVICESTATUS_VIEWERRORCODE_SEARCH"        KEY="2" CAPTION="SEARCH ERROR CODE" />
        <MENU ID="DEVICESTATUS_VIEWERRORCODE_HISTORY_CLEAR" KEY="3" CAPTION="CLEAR ERROR CODE HISTORY" />
      </MENU>

      <!-- *************************************** -->
      <!-- 7. Change Password -->
      <!-- *************************************** -->
      <MENU ID="CHANGEPASSWORD" KEY="7" CAPTION="CHANGE PASSWORD" />

      <!-- *************************************** -->
      <!-- 8. Diagnostic -->
      <!-- *************************************** -->
      <MENU ID="DIAGNOSTIC" KEY="8" CAPTION="DIAGNOSTIC" />

      <!-- *************************************** -->
      <!-- 10. Reboot -->
      <!-- *************************************** -->
      <MENU ID="REBOOT" KEY="10" CAPTION="REBOOT" CHILDCAPTIONLAYOUT="1" LEFTMARGIN="1">
        <MENU ID="REBOOT_NOW"          KEY="1" CAPTION="REBOOT NOW" />
        <MENU ID="REBOOT_TASKSCHEDULE" KEY="2" CAPTION="REBOOT TASK SCHEDULE" />
      </MENU>

      <!-- *************************************** -->
      <!-- Etc -->
      <!-- *************************************** -->
      <MENU ID="EXIT" KEY="CANCEL" CAPTION="" />
      
    </MENU>
  </USER>
  
  <USER ACCOUNTGROUP="TECHNICIAN">
    <MENU ID="SCR_TECHNICIAN" CAPTION="TECHNICIAN" CHILDCAPTIONLAYOUT="1" LEFTMARGIN="1">
      <!-- *************************************** -->
      <!-- 6. Device Status -->
      <!-- *************************************** -->
      <MENU ID="DEVICESTATUS" KEY="6" CAPTION="DEVICE STATUS" CHILDCAPTIONLAYOUT="1" LEFTMARGIN="1">
        <MENU ID="DEVICESTATUS_VIEWERRORCODE_HISTORY"       KEY="1" CAPTION="ERROR CODE HISTORY" />
        <MENU ID="DEVICESTATUS_VIEWERRORCODE_SEARCH"        KEY="2" CAPTION="SEARCH ERROR CODE" />
        <MENU ID="DEVICESTATUS_VIEWERRORCODE_HISTORY_CLEAR" KEY="3" CAPTION="CLEAR ERROR CODE HISTORY" />
      </MENU>

      <!-- *************************************** -->
      <!-- 7. Change Password -->
      <!-- *************************************** -->
      <MENU ID="CHANGEPASSWORD" KEY="7" CAPTION="CHANGE PASSWORD" />

      <!-- *************************************** -->
      <!-- 8. Diagnostic -->
      <!-- *************************************** -->
      <MENU ID="DIAGNOSTIC" KEY="8" CAPTION="DIAGNOSTIC" />

      <!-- *************************************** -->
      <!-- 10. Reboot -->
      <!-- *************************************** -->
      <MENU ID="REBOOT" KEY="10" CAPTION="REBOOT" CHILDCAPTIONLAYOUT="1" LEFTMARGIN="1">
        <MENU ID="REBOOT_NOW"          KEY="1" CAPTION="REBOOT NOW" />
        <MENU ID="REBOOT_TASKSCHEDULE" KEY="2" CAPTION="REBOOT TASK SCHEDULE" />
      </MENU>

      <!-- *************************************** -->
      <!-- Etc -->
      <!-- *************************************** -->
      <MENU ID="EXIT" KEY="CANCEL" CAPTION="" />
      
    </MENU>
  </USER>
  
</USERS>
