﻿<?xml version="1.0" encoding="utf-8"?>
<XmlConfiguration xmlns="http://www.nh.com/Config">
  <XmlSection Name="Log">
    <XmlParameters>
      <XmlParam Key="LogType" Value="TEXT" />
      <XmlParam Key="LogLevel" Value="3" />
      <XmlParam Key="BaseDir" Value="D:\MoniPlus2SLog" />
      <XmlParam Key="MaxFileSize" Value="10240000" />
      <XmlParam Key="EncodeEnable" Value="FALSE" />
      <XmlParam Key="QueuePath" Value=".\Private$\MoniPlus2Log" />
      <XmlParam Key="LogServer" Value="" />
      <XmlParam Key="LogPort" Value="" />
      <XmlParam Key="LogDeleteDays" Value="90" />
      <XmlParam Key="CardMask" Value="False" />
      <XmlParam Key="MaskingSymbol" Value="X" />
      <XmlParam Key="LeftUnMasked" Value="6" />
      <XmlParam Key="RightUnMasked" Value="4" />
    </XmlParameters>
  </XmlSection>
  <XmlSection Name="Archiving">
    <XmlParameters>
      <XmlParam Key="Interval" Value="300" />
      <XmlParam Key="Time" Value="00:15" />
      <XmlParam Key="Folder" Value="D:\MoniPlus2SLogArchives" />
      <XmlParam Key="RunNowFile" Value="RunNow.txt" />
      <XmlParam Key="StartDayOffset" Value="-1" />
      <XmlParam Key="EndDayOffset" Value="-1" />
      <XmlParam Key="LastArchiveDate" Value="" />
      <XmlParam Key="MaxArchives" Value="90" />
      <XmlParam Key="DefaultFiles" Value="AP,SP,EP,AC,SW,EM,OS,AF,VM,RG,DI,WD,CO" Option="AP,SP,EP,BC,CL,AC,SW,EM,OS,AF,VM,RG,DI,WD,CO" />
      <XmlParam Key="AdditionalFiles" Value="" />
    </XmlParameters>
  </XmlSection>
</XmlConfiguration>