﻿<?xml version="1.0" encoding="utf-8"?>
<XmlConfiguration xmlns="http://www.nh.com/Config"> 
  <XmlSection Name="TransactionInfo">
    <XmlParameters>
      <XmlParam Key="VerifyTVN" Value="TRUE" />
      <XmlParam Key="ConfigID" Value="0000" />
      <XmlParam Key="MCN" Value="0" />
      <XmlParam Key="TVNumber" Value="0" />
      <XmlParam Key="LastTranFID" Value="0" />
      <XmlParam Key="LastTransNo" Value="0" />
      <XmlParam Key="EnteredOpPassword" Value="" />
      <XmlParam Key="LUNO" Value="0" />
      <XmlParam Key="LastDispType1" Value="0" />
      <XmlParam Key="LastDispType2" Value="0" />
      <XmlParam Key="LastDispType3" Value="0" />
      <XmlParam Key="LastDispType4" Value="0" />
      <XmlParam Key="LastDispType5" Value="0" />
      <XmlParam Key="LastDispType6" Value="0" />
      <XmlParam Key="LastDispType7" Value="0" />
      <XmlParam Key="LastTranResultSent" Value="0" />
      <XmlParam Key="AccuTranCount" Value="0" />
      <XmlParam Key="RetractedTimes" Value="0" />
      <XmlParam Key="StoredCardData" Value="FALSE" />
      <XmlParam Key="AdminTrack1Data" Value="" />
      <XmlParam Key="AdminTrack2Data" Value="" />
      <XmlParam Key="AdminTrack3Data" Value="" />
      <XmlParam Key="EMVLastFinishMsg" Value="" />
      <XmlParam Key="EMVLastIssueScriptResult" Value="" />
      <XmlParam Key="LastTranPANData" Value="0000000000000000" />
      <XmlParam Key="LastTranTimeData" Value="000000000000" />
      <XmlParam Key="LastTranDepositAmount" Value="000000000000" />
      <XmlParam Key="LastTranTotalDepositCount" Value="0000" />
      <XmlParam Key="LastDispCoinType1" Value="0" />
      <XmlParam Key="LastDispCoinType2" Value="0" />
      <XmlParam Key="LastDispCoinType3" Value="0" />
      <XmlParam Key="LastDispCoinType4" Value="0" />
      <XmlParam Key="LastDispCoinType5" Value="0" />
      <XmlParam Key="LastDispCoinType6" Value="0" />
      <XmlParam Key="LastDispCoinType7" Value="0" />
      <XmlParam Key="LastDispCoinType8" Value="0" />
      <XmlParam Key="NonVolatileLastCashControlUnit" Value="" />
      <XmlParam Key="PinpadKcvOfA" Value="" />
      <XmlParam Key="PinpadKcvOfB" Value="" />
      <XmlParam Key="LastRecyclingTransNo" Value="" />
      <XmlParam Key="LastRecyclingDataIdentifier" Value="" />
      <XmlParam Key="LastRecyclingCountNumber" Value="0" />
      <XmlParam Key="LastRecyclingCountType1" Value="0" />
      <XmlParam Key="LastRecyclingCountType2" Value="0" />
      <XmlParam Key="LastRecyclingCountType3" Value="0" />
      <XmlParam Key="LastRecyclingCountType4" Value="0" />
      <XmlParam Key="LastRecyclingCountType5" Value="0" />
      <XmlParam Key="LastRecyclingCountType6" Value="0" />
      <XmlParam Key="LastRecyclingCountType7" Value="0" />
      <XmlParam Key="AccuPresentedTypeA" Value="0" />
      <XmlParam Key="AccuPresentedTypeB" Value="0" />
      <XmlParam Key="AccuPresentedTypeC" Value="0" />
      <XmlParam Key="AccuPresentedTypeD" Value="0" />
      <XmlParam Key="AccuPresentedTypeE" Value="0" />
      <XmlParam Key="AccuPresentedTypeF" Value="0" />
      <XmlParam Key="AccuPresentedTypeG" Value="0" />
	  <XmlParam Key="LastDispenseProcessID" Value="" />
	  <XmlParam Key="NonVolatileAutoRecovery" Value="FALSE" />
    </XmlParameters>
  </XmlSection>
</XmlConfiguration>