﻿<?xml version="1.0" encoding="utf-8"?>
<XmlConfiguration xmlns="http://www.nh.com/Config">
  <XmlSection Name="NoteValueList">
    <XmlParameters>
      <XmlParam Key="NoteValue1" Value="1" />
      <XmlParam Key="NoteValue2" Value="5" />
      <XmlParam Key="NoteValue3" Value="10" />
      <XmlParam Key="NoteValue4" Value="20" />
      <XmlParam Key="NoteValue5" Value="50" />
      <XmlParam Key="NoteValue6" Value="100" />
    </XmlParameters>
  </XmlSection>
  <!-- First Row, Left Column -->
  <XmlSection Name="Widget1">
    <XmlParameters>
      <XmlParam Key="Name" Value="WidgetCalender" />
      <XmlParam Key="Width" Value="250" />
      <XmlParam Key="Height" Value="220" />
      <XmlParam Key="Left" Value="0" />
      <XmlParam Key="Top" Value="0" />
    </XmlParameters>
  </XmlSection>
  <!-- First Row, Right Column -->
  <XmlSection Name="Widget2">
    <XmlParameters>
      <XmlParam Key="Name" Value="WidgetTimer" />
      <XmlParam Key="Width" Value="250" />
      <XmlParam Key="Height" Value="220" />
      <XmlParam Key="Left" Value="250" />
      <XmlParam Key="Top" Value="0" />
    </XmlParameters>
  </XmlSection>
  <!-- Second Row -->
  <XmlSection Name="Widget3">
    <XmlParameters>
      <XmlParam Key="Name" Value="WidgetPossibleNote" />
      <XmlParam Key="Width" Value="500" />
      <XmlParam Key="Height" Value="220" />
      <XmlParam Key="Left" Value="0" />
      <XmlParam Key="Top" Value="220" />
    </XmlParameters>
  </XmlSection>
</XmlConfiguration>