No,Mkey,BranchCode,MachineName,AlamatMesin,customerId,accountNo
1,F5D43F2C-9067-43DE-BC29-58B679CA8E8B,ARTABOGABANJAR,9A26,Jl. Purnomo Sidi No 36 Ds Pataruman Banjar46323,8008080971003013,2030653826
2,D1EEE004-CEA7-4CF6-B041-138D9BBF1EA4,ARTABOGABEKASI,9A06,Ruko Namira No 3 Jl. Pengasingan Rawa Lumbu Bekasi,8008080998009350,1620065818
3,AC3765A2-EE81-4AD3-95A6-AC28CA7C2066,ARTABOGABOGOR,9A14,Jl  Sentul - Citeureup No 116 Sentul Bogor,8008080998009368,1620065851
4,73BA334A-15D1-4ECD-904C-7718FE600D44,ARTABOGACENGKARE,9A01,"Jl. Daan Mogot KM 11, Cengkareng Timur",8008080998009370,1623022033
5,C0C8FF8B-3CC3-4629-A781-F3AE137A68F8,ARTABOGACIAMPEA,9A16,"Jl, Kp Cimangir Desa Dukuh RT 03/06 Cibungbulang",8008080998009374,1620065842
6,5FB03549-08CA-43D5-A2F5-2B9DB02E3CE6,ARTABOGACIANJUR,9A25,Jl. Raya Ciujung Budi Jaya Kamp Babakan Sidang Brg,8008080971003015,4020822223
7,47B5FC1A-610C-48C0-AD26-EC81F5BE65AB,ARTABOGACIHAMPEL,9A23,"Jl. Raya Padalarang KM 21, Ciburuy Bandung",8008080971003019,2787234000
8,32D49D2E-162D-4B6D-B53C-15BC9B46B556,ARTABOGACIKARANG,9A08,Jl. Kriung II Blok L9 1-2 Delta Silikon Cikarang,8008080998009380,1620065796
9,A7B01E7C-5697-4AE2-99B0-164C3E4C428F,ARTABOGACIKUPA,9A04,Jl. Raya Serang Kom Pergudangan Dahlia Cahaya Kamp,8008080998009352,1620066130
10,543D4443-AE1E-46C1-9AEE-8A6AB29087E2,ARTABOGACILEUNGS,9A28,Jl. Raya Cileungsi Jonggol Km 8 Kp Tunggili Bogor,8008080998009376,1620065826
11,46582A86-F67B-48A4-9DB4-7D09CA0339C4,ARTABOGACIPUTAT,9A15,Jl. RE Martadinata No 19 Ciputat Tangerang,8008080998009360,1620066075
12,4E5E094F-747F-495A-B56E-3CC879B8AA9A,ARTABOGACIPUTAT,9A15,Jl. RE Martadinata No 19 Ciputat Tangerang,8008080998009361,1620066075
13,3128D927-577A-4306-9A95-B37AF0287066,ARTABOGACIREBON,9A22,Jl. Dusun IV Karanganyar Pesisir Mundu No. 89,8008080971003023,3740609008
14,FA2CF042-F82C-46CC-B451-AE20AEAB75AB,ARTABOGADEPOK,9A17,Jl. M Nasir No 38 Cilodong Depok Jawa Barat,8008080998009372,1620065834
15,F44A6AD7-5A8A-406A-9174-9AEEDBB55491,ARTABOGADRNSAWIT,9A11,Jl. H Kamad No 37 Pondok Bambu Duren Sawit,8008080998009364,1623022033
16,E1CB3AFB-B55F-4A01-8C5B-EA4D6BCA89EB,ARTABOGAKARAWANG,9A12,Komplek Pergudangan PT Ultra Prima Abadi Karawang,8008080998009366,1093030013
17,8277B446-943C-4A05-BA96-5521DFE03927,ARTABOGAKUNINGAN,9A20,Jl. Moh Toha KedungArum RT013/003 Kuningan Jabar,8008080971003025,2990214681
18,54351C0A-870A-418A-A5C3-003CB28C86E1,ARTABOGAMAGELANG,9A13,Jl. Magelang Yogyakarta No 288 Karang Tengah,8008080986002099,1221598437
19,E0103260-D94B-4A4B-9CC8-BC7DB84E8200,ARTABOGAPANDEGLA,9A03,Jl. AMD Lebak Seureuh Kedumerak  - Pandeglang,8008080998009356,2293013829
20,50E7BBB7-418F-4124-A7A1-800F9AF79F56,ARTABOGAPRWKARTA,9A18,Jl. Raya Cempaka Cijaya Purwakarta,8008080971003029,1670070998
21,E48F6CA7-EB74-4F9C-A375-7E993B0275C7,ARTABOGASEMARANG,9A07,Jl. Gatot Subroto Kws Industri Candi Smg Blok A1 ,8008080972001251,7960881928
22,FCFD9328-F098-47A3-9D66-B75DE19A47C4,ARTABOGASERANG,9A02,Jl. Raya Banten Lama Lingkar Unyur No 8 Serang,8008080998009354,1620066113
23,BD04FCA5-03C6-4BF7-82AF-4A2A50F31ADC,ARTABOGASLEMAN,9A05,"Jl, Godean KM 8 Gesikan Ds Sidoarum Godean Sleman",8008080986002097,0375550089
24,53BD2EB9-5251-4FB8-ACCF-DE42C73B27D1,ARTABOGASUBANG,9A19,Jl. Raya Pangandangan Rancasari Pamanukan Subang,8008080971003027,3670070998
25,521D4DB6-E187-4BBE-8528-89BEFD63C624,ARTABOGASUKABUMI,9A24,Jl. Jampang Kulon Surade Ciparay Jampang Kulon,8008080971003017,0381085529
26,4D2B0C69-054E-48A1-9B9D-A8BDE3BE26DA,ARTABOGASUKOHARJ,9A10,Jl. Slamet Riyadi 315 Pabelan Kartasura Sukoharjo,8008080986002095,3930809879
27,DC41A508-B0B8-4148-8CF5-708983C14B3B,ARTABOGASUMEDANG,9A21,Jl. Prabu Gajah Agung Perempatan Nalegong - Kulon,8008080971003021,4180166110
28,397CC0F5-66BB-4F79-92AA-0ABB8036490E,ARTABOGATASIKMAL,9A27,"Jl, Raya Karangnunggal Tasikmalaya",8008080971003011,0541613284
29,AD87952F-D49A-4D49-863A-9DC7A64E56AA,ARTABOGATJPRIOK,9A09,Jl. Agung Pekasa 10 Blok K-2 Kav no 4 Sunter ,8008080998009362,1620066032