{
  "CardInformation": [
    {
      "type": "Convensional",
      "subType": "Master",
      "category": "BLUE",
      "description": "PASPOR BLUE KONVENSIONAl",
      "typeChar": "S",
      "cardNumbers": [
        "53794110",
        "53794111",
        "53794112",
        "53794113",
        "53794114",
        "60190010",
        "60190011",
        "60190012",
        "60190013",
        "60190014"
      ]
    },
    {
      "type": "Convensional",
      "subType": "Master",
      "category": "GOLD",
      "description": "MASTER GOLD KONVENSIONAl",
      "typeChar": "G",
      "cardNumbers": [
        "53079510",
        "53079511",
        "53079512",
        "53079513",
        "53079514",
        "60190020",
        "60190021",
        "60190022",
        "60190023",
        "60190024"
      ]
    },
    {
      "type": "Convensional",
      "subType": "Master",
      "category": "PLATINUM",
      "description": "PASPOR PLATINUM KONVENSIONAl",
      "typeChar": "M",
      "cardNumbers": [
        "52605110",
        "52605111",
        "52605112",
        "52605113",
        "52605114",
        "60190040",
        "60190041",
        "60190042",
        "60190043",
        "60190044"
      ]
    },
    {
      "type": "Convensional",
      "subType": "Master",
      "category": "TAPRES",
      "description": "PASPOR TAPRES",
      "typeChar": "A",
      "cardNumbers": [
        "52605150",
        "52605151",
        "52605152",
        "52605153",
        "52605154",
        "60190030",
        "60190032",
        "60190033"
      ]
    },
    {
      "type": "Convensional",
      "subType": "-",
      "category": "BCADOLLAR",
      "description": "BCA DOLLAR",
      "typeChar": "L",
      "cardNumbers": [
        "01400001",
        "01400002"
      ]
    },
    {
      "type": "Convensional",
      "subType": "GPN",
      "category": "BLUE",
      "description": "PASPOR BLUE KONVENSIONAl",
      "typeChar": "S",
      "cardNumbers": [
        "60190070",
        "60190071"
      ]
    },
    {
      "type": "Convensional",
      "subType": "GPN",
      "category": "GOLD",
      "description": "PASPOR GOLD KONVENSIONAl",
      "typeChar": "G",
      "cardNumbers": [
        "60190080",
        "60190081"
      ]
    },
    {
      "type": "Convensional",
      "subType": "GPN",
      "category": "PLATINUM",
      "description": "PASPOR PLATINUM KONVENSIONAl",
      "typeChar": "M",
      "cardNumbers": [
        "60190090"
      ]
    },
    {
      "type": "Instant",
      "subType": "Master",
      "category": "BLUE",
      "description": "PASPOR BLUE INSTANT",
      "typeChar": "S",
      "cardNumbers": [
        "53794120",
        "53794121",
        "53794122",
        "53794123",
        "53794124",
        "53794125",
        "53794126",
        "53794127",
        "53794128",
        "53794129",
        "60190015",
        "60190016",
        "60190017",
        "60190018",
        "60190019"
      ]
    },
    {
      "type": "Instant",
      "subType": "Master",
      "category": "GOLD",
      "description": "PASPOR GOLD INSTANT",
      "typeChar": "G",
      "cardNumbers": [
        "53079520",
        "53079521",
        "53079522",
        "53079523",
        "53079524",
        "53079525",
        "53079526",
        "53079527",
        "53079528",
        "53079529",
        "60190025",
        "60190026",
        "60190027",
        "60190028",
        "60190029"
      ]
    },
    {
      "type": "Instant",
      "subType": "Master",
      "category": "PLATINUM",
      "description": "PASPOR PLATINUM INSTANT",
      "typeChar": "M",
      "cardNumbers": [
        "52605120",
        "52605121",
        "52605122",
        "52605123",
        "52605124",
        "52605125",
        "52605126",
        "52605127",
        "52605128",
        "52605129",
        "60190045",
        "60190046",
        "60190047",
        "60190048",
        "60190049"
      ]
    },
    {
      "type": "Instant",
      "subType": "Master",
      "category": "XPRESI",
      "description": "PASPOR XPRESI",
      "typeChar": "S",
      "cardNumbers": [
        "53794130",
        "53794131",
        "53794132",
        "53794133",
        "53794134",
        "60190055",
        "60190056"
      ]
    },
    {
      "type": "Instant",
      "subType": "GPN",
      "category": "BLUE",
      "description": "PASPOR BLUE INSTANT",
      "typeChar": "S",
      "cardNumbers": [
        "60190075",
        "60190076",
        "60190077",
        "60190078",
        "60190079"
      ]
    },
    {
      "type": "Instant",
      "subType": "GPN",
      "category": "GOLD",
      "description": "PASPOR GOLD INSTANT",
      "typeChar": "G",
      "cardNumbers": [
        "60190085",
        "60190086",
        "60190087",
        "60190088",
        "60190089"
      ]
    },
    {
      "type": "Instant",
      "subType": "GPN",
      "category": "PLATINUM",
      "description": "PASPOR PLATINUM INSTANT",
      "typeChar": "M",
      "cardNumbers": [
        "60190095",
        "60190096",
        "60190097",
        "60190098",
        "60190099"
      ]
    },
    {
      "type": "Instant",
      "subType": "GPN",
      "category": "XPRESI",
      "description": "PASPOR XPRESI",
      "typeChar": "S",
      "cardNumbers": [
        "60190050",
        "60190051"
      ]
    },
    {
      "type": "Digital",
      "subType": "GPN",
      "category": "BLUE",
      "description": "PASPOR BLUE DIGITAL",
      "typeChar": "S",
      "cardNumbers": [
        "60190072",
        "60190073",
        "60190074"
      ]
    },
    {
      "type": "Digital",
      "subType": "GPN",
      "category": "GOLD",
      "description": "PASPOR GOLD DIGITAL",
      "typeChar": "G",
      "cardNumbers": [
        "60190082",
        "60190083",
        "60190084"
      ]
    },
    {
      "type": "Digital",
      "subType": "GPN",
      "category": "PLATINUM",
      "description": "PASPOR PLATINUM DIGITAL",
      "typeChar": "M",
      "cardNumbers": [
        "60190091",
        "60190092"
      ]
    },
    {
      "type": "Digital",
      "subType": "GPN",
      "category": "XPRESI",
      "description": "PASPOR XPRESI DIGITAL",
      "typeChar": "S",
      "cardNumbers": [
        "60190052",
        "60190053",
        "60190054"
      ]
    },
    {
      "type": "Digital",
      "subType": "Master",
      "category": "BLUE",
      "description": "PASPOR BLUE DIGITAL",
      "typeChar": "S",
      "cardNumbers": [
        "53794115",
        "53794116",
        "53794117",
        "53794118",
        "53794119"
      ]
    },
    {
      "type": "Digital",
      "subType": "Master",
      "category": "GOLD",
      "description": "PASPOR GOLD DIGITAL",
      "typeChar": "G",
      "cardNumbers": [
        "53079515",
        "53079516",
        "53079517",
        "53079518",
        "53079519"
      ]
    },
    {
      "type": "Digital",
      "subType": "Master",
      "category": "PLATINUM",
      "description": "PASPOR PLATINUM DIGITAL",
      "typeChar": "M",
      "cardNumbers": [
        "52605115",
        "52605116",
        "52605117",
        "52605118",
        "52605119"
      ]
    },
    {
      "type": "Digital",
      "subType": "Master",
      "category": "XPRESI",
      "description": "PASPOR XPRESI DIGITAL",
      "typeChar": "S",
      "cardNumbers": [
        "53794135",
        "53794136",
        "53794137",
        "53794138",
        "53794139"
      ]
    }
  ]
}
