﻿<?xml version="1.0" encoding="utf-8"?>
<XmlConfiguration xmlns="http://www.nh.com/Config">
	<XmlSection Name="WebService">
		<XmlParameters>
			<XmlParam Key="RemoteAddress" Value="127.0.0.1" />
			<XmlParam Key="RemotePort" Value="443" />
			<XmlParam Key="IsSecurityMode" Value="True"/>
		</XmlParameters>
	</XmlSection>
	<XmlSection Name="Remoting">
		<XmlParameters>
			<XmlParam Key="RemoteAddress" Value="" />
			<XmlParam Key="RemotePort" Value="9000" />
			<XmlParam Key="LocalPort" Value="9001" />
		</XmlParameters>
	</XmlSection>
</XmlConfiguration>