﻿<?xml version="1.0" encoding="utf-8" ?>
<CountryList>
  <Country>
    <Code>AF</Code>
    <Name>Afghanistan</Name>
  </Country>
  <Country>
    <Code>AX</Code>
    <Name>Aland Islands</Name>
  </Country>
  <Country>
    <Code>AL</Code>
    <Name>Albania</Name>
  </Country>
  <Country>
    <Code>DZ</Code>
    <Name>Algeria</Name>
  </Country>
  <Country>
    <Code>AS</Code>
    <Name>American Samoa</Name>
  </Country>
  <Country>
    <Code>AD</Code>
    <Name>Andorra</Name>
  </Country>
  <Country>
    <Code>AO</Code>
    <Name>Angola</Name>
  </Country>
  <Country>
    <Code>AI</Code>
    <Name>Anguilla</Name>
  </Country>
  <Country>
    <Code>AQ</Code>
    <Name>Antarctica</Name>
  </Country>
  <Country>
    <Code>AG</Code>
    <Name>Antigua and Barbuda</Name>
  </Country>
  <Country>
    <Code>AR</Code>
    <Name>Argentina</Name>
  </Country>
  <Country>
    <Code>AM</Code>
    <Name>Armenia</Name>
  </Country>
  <Country>
    <Code>AW</Code>
    <Name>Aruba</Name>
  </Country>
  <Country>
    <Code>AU</Code>
    <Name>Australia</Name>
  </Country>
  <Country>
    <Code>AT</Code>
    <Name>Austria</Name>
  </Country>
  <Country>
    <Code>AZ</Code>
    <Name>Azerbaijan</Name>
  </Country>
  <Country>
    <Code>BS</Code>
    <Name>Bahamas</Name>
  </Country>
  <Country>
    <Code>BH</Code>
    <Name>Bahrain</Name>
  </Country>
  <Country>
    <Code>BD</Code>
    <Name>Bangladesh</Name>
  </Country>
  <Country>
    <Code>BB</Code>
    <Name>Barbados</Name>
  </Country>
  <Country>
    <Code>BY</Code>
    <Name>Belarus</Name>
  </Country>
  <Country>
    <Code>BE</Code>
    <Name>Belgium</Name>
  </Country>
  <Country>
    <Code>BZ</Code>
    <Name>Belize</Name>
  </Country>
  <Country>
    <Code>BJ</Code>
    <Name>Benin</Name>
  </Country>
  <Country>
    <Code>BM</Code>
    <Name>Bermuda</Name>
  </Country>
  <Country>
    <Code>BT</Code>
    <Name>Bhutan</Name>
  </Country>
  <Country>
    <Code>BO</Code>
    <Name>Bolivia</Name>
  </Country>
  <Country>
    <Code>BA</Code>
    <Name>Bosnia and Herzegovina</Name>
  </Country>
  <Country>
    <Code>BW</Code>
    <Name>Botswana</Name>
  </Country>
  <Country>
    <Code>BV</Code>
    <Name>Bouvet Island</Name>
  </Country>
  <Country>
    <Code>BR</Code>
    <Name>Brazil</Name>
  </Country>
  <Country>
    <Code>VG</Code>
    <Name>British Virgin Islands</Name>
  </Country>
  <Country>
    <Code>IO</Code>
    <Name>British Indian Ocean Territory</Name>
  </Country>
  <Country>
    <Code>BN</Code>
    <Name>Brunei Darussalam</Name>
  </Country>
  <Country>
    <Code>BG</Code>
    <Name>Bulgaria</Name>
  </Country>
  <Country>
    <Code>BF</Code>
    <Name>Burkina Faso</Name>
  </Country>
  <Country>
    <Code>BI</Code>
    <Name>Burundi</Name>
  </Country>
  <Country>
    <Code>KH</Code>
    <Name>Cambodia</Name>
  </Country>
  <Country>
    <Code>CM</Code>
    <Name>Cameroon</Name>
  </Country>
  <Country>
    <Code>CA</Code>
    <Name>Canada</Name>
  </Country>
  <Country>
    <Code>CV</Code>
    <Name>Cape Verde</Name>
  </Country>
  <Country>
    <Code>KY</Code>
    <Name>Cayman Islands</Name>
  </Country>
  <Country>
    <Code>CF</Code>
    <Name>Central African Republic</Name>
  </Country>
  <Country>
    <Code>TD</Code>
    <Name>Chad</Name>
  </Country>
  <Country>
    <Code>CL</Code>
    <Name>Chile</Name>
  </Country>
  <Country>
    <Code>CN</Code>
    <Name>China</Name>
  </Country>
  <Country>
    <Code>HK</Code>
    <Name>Hong Kong, SAR China</Name>
  </Country>
  <Country>
    <Code>MO</Code>
    <Name>Macao, SAR China</Name>
  </Country>
  <Country>
    <Code>CX</Code>
    <Name>Christmas Island</Name>
  </Country>
  <Country>
    <Code>CC</Code>
    <Name>Cocos (Keeling) Islands</Name>
  </Country>
  <Country>
    <Code>CO</Code>
    <Name>Colombia</Name>
  </Country>
  <Country>
    <Code>KM</Code>
    <Name>Comoros</Name>
  </Country>
  <Country>
    <Code>CG</Code>
    <Name>Congo(Brazzaville)</Name>
  </Country>
  <Country>
    <Code>CD</Code>
    <Name>Congo, (Kinshasa)</Name>
  </Country>
  <Country>
    <Code>CK</Code>
    <Name>Cook Islands</Name>
  </Country>
  <Country>
    <Code>CR</Code>
    <Name>Costa Rica</Name>
  </Country>
  <Country>
    <Code>CI</Code>
    <Name>Cote d'Ivoire</Name>
  </Country>
  <Country>
    <Code>HR</Code>
    <Name>Croatia</Name>
  </Country>
  <Country>
    <Code>CU</Code>
    <Name>Cuba</Name>
  </Country>
  <Country>
    <Code>CY</Code>
    <Name>Cyprus</Name>
  </Country>
  <Country>
    <Code>CZ</Code>
    <Name>Czech Republic</Name>
  </Country>
  <Country>
    <Code>DK</Code>
    <Name>Denmark</Name>
  </Country>
  <Country>
    <Code>DJ</Code>
    <Name>Djibouti</Name>
  </Country>
  <Country>
    <Code>DM</Code>
    <Name>Dominica</Name>
  </Country>
  <Country>
    <Code>DO</Code>
    <Name>Dominican Republic</Name>
  </Country>
  <Country>
    <Code>EC</Code>
    <Name>Ecuador</Name>
  </Country>
  <Country>
    <Code>EG</Code>
    <Name>Egypt</Name>
  </Country>
  <Country>
    <Code>SV</Code>
    <Name>El Salvador</Name>
  </Country>
  <Country>
    <Code>GQ</Code>
    <Name>Equatorial Guinea</Name>
  </Country>
  <Country>
    <Code>ER</Code>
    <Name>Eritrea</Name>
  </Country>
  <Country>
    <Code>EE</Code>
    <Name>Estonia</Name>
  </Country>
  <Country>
    <Code>ET</Code>
    <Name>Ethiopia</Name>
  </Country>
  <Country>
    <Code>FK</Code>
    <Name>Falkland Islands (Malvinas)</Name>
  </Country>
  <Country>
    <Code>FO</Code>
    <Name>Faroe Islands</Name>
  </Country>
  <Country>
    <Code>FJ</Code>
    <Name>Fiji</Name>
  </Country>
  <Country>
    <Code>FI</Code>
    <Name>Finland</Name>
  </Country>
  <Country>
    <Code>FR</Code>
    <Name>France</Name>
  </Country>
  <Country>
    <Code>GF</Code>
    <Name>French Guiana</Name>
  </Country>
  <Country>
    <Code>PF</Code>
    <Name>French Polynesia</Name>
  </Country>
  <Country>
    <Code>TF</Code>
    <Name>French Southern Territories</Name>
  </Country>
  <Country>
    <Code>GA</Code>
    <Name>Gabon</Name>
  </Country>
  <Country>
    <Code>GM</Code>
    <Name>Gambia</Name>
  </Country>
  <Country>
    <Code>GE</Code>
    <Name>Georgia</Name>
  </Country>
  <Country>
    <Code>DE</Code>
    <Name>Germany</Name>
  </Country>
  <Country>
    <Code>GH</Code>
    <Name>Ghana</Name>
  </Country>
  <Country>
    <Code>GI</Code>
    <Name>Gibraltar</Name>
  </Country>
  <Country>
    <Code>GR</Code>
    <Name>Greece</Name>
  </Country>
  <Country>
    <Code>GL</Code>
    <Name>Greenland</Name>
  </Country>
  <Country>
    <Code>GD</Code>
    <Name>Grenada</Name>
  </Country>
  <Country>
    <Code>GP</Code>
    <Name>Guadeloupe</Name>
  </Country>
  <Country>
    <Code>GU</Code>
    <Name>Guam</Name>
  </Country>
  <Country>
    <Code>GT</Code>
    <Name>Guatemala</Name>
  </Country>
  <Country>
    <Code>GG</Code>
    <Name>Guernsey</Name>
  </Country>
  <Country>
    <Code>GN</Code>
    <Name>Guinea</Name>
  </Country>
  <Country>
    <Code>GW</Code>
    <Name>Guinea-Bissau</Name>
  </Country>
  <Country>
    <Code>GY</Code>
    <Name>Guyana</Name>
  </Country>
  <Country>
    <Code>HT</Code>
    <Name>Haiti</Name>
  </Country>
  <Country>
    <Code>HM</Code>
    <Name>Heard and Mcdonald Islands</Name>
  </Country>
  <Country>
    <Code>VA</Code>
    <Name>Holy See(Vatican City State)</Name>
  </Country>
  <Country>
    <Code>HN</Code>
    <Name>Honduras</Name>
  </Country>
  <Country>
    <Code>HU</Code>
    <Name>Hungary</Name>
  </Country>
  <Country>
    <Code>IS</Code>
    <Name>Iceland</Name>
  </Country>
  <Country>
    <Code>IN</Code>
    <Name>India</Name>
  </Country>
  <Country>
    <Code>ID</Code>
    <Name>Indonesia</Name>
  </Country>
  <Country>
    <Code>IR</Code>
    <Name>Iran, Islamic Republic of</Name>
  </Country>
  <Country>
    <Code>IQ</Code>
    <Name>Iraq</Name>
  </Country>
  <Country>
    <Code>IE</Code>
    <Name>Ireland</Name>
  </Country>
  <Country>
    <Code>IM</Code>
    <Name>Isle of Man</Name>
  </Country>
  <Country>
    <Code>IL</Code>
    <Name>Israel</Name>
  </Country>
  <Country>
    <Code>IT</Code>
    <Name>Italy</Name>
  </Country>
  <Country>
    <Code>JM</Code>
    <Name>Jamaica</Name>
  </Country>
  <Country>
    <Code>JP</Code>
    <Name>Japan</Name>
  </Country>
  <Country>
    <Code>JE</Code>
    <Name>Jersey</Name>
  </Country>
  <Country>
    <Code>JO</Code>
    <Name>Jordan</Name>
  </Country>
  <Country>
    <Code>KZ</Code>
    <Name>Kazakhstan</Name>
  </Country>
  <Country>
    <Code>KE</Code>
    <Name>Kenya</Name>
  </Country>
  <Country>
    <Code>KI</Code>
    <Name>Kiribati</Name>
  </Country>
  <Country>
    <Code>KP</Code>
    <Name>Korea(North)</Name>
  </Country>
  <Country>
    <Code>KR</Code>
    <Name>Korea(South)</Name>
  </Country>
  <Country>
    <Code>KW</Code>
    <Name>Kuwait</Name>
  </Country>
  <Country>
    <Code>KG</Code>
    <Name>Kyrgyzstan</Name>
  </Country>
  <Country>
    <Code>LA</Code>
    <Name>Lao PDR</Name>
  </Country>
  <Country>
    <Code>LV</Code>
    <Name>Latvia</Name>
  </Country>
  <Country>
    <Code>LB</Code>
    <Name>Lebanon</Name>
  </Country>
  <Country>
    <Code>LS</Code>
    <Name>Lesotho</Name>
  </Country>
  <Country>
    <Code>LR</Code>
    <Name>Liberia</Name>
  </Country>
  <Country>
    <Code>LY</Code>
    <Name>Libya</Name>
  </Country>
  <Country>
    <Code>LI</Code>
    <Name>Liechtenstein</Name>
  </Country>
  <Country>
    <Code>LT</Code>
    <Name>Lithuania</Name>
  </Country>
  <Country>
    <Code>LU</Code>
    <Name>Luxembourg</Name>
  </Country>
  <Country>
    <Code>MK</Code>
    <Name>Macedonia, Republic of</Name>
  </Country>
  <Country>
    <Code>MG</Code>
    <Name>Madagascar</Name>
  </Country>
  <Country>
    <Code>MW</Code>
    <Name>Malawi</Name>
  </Country>
  <Country>
    <Code>MY</Code>
    <Name>Malaysia</Name>
  </Country>
  <Country>
    <Code>MV</Code>
    <Name>Maldives</Name>
  </Country>
  <Country>
    <Code>ML</Code>
    <Name>Mali</Name>
  </Country>
  <Country>
    <Code>MT</Code>
    <Name>Malta</Name>
  </Country>
  <Country>
    <Code>MH</Code>
    <Name>Marshall Islands</Name>
  </Country>
  <Country>
    <Code>MQ</Code>
    <Name>Martinique</Name>
  </Country>
  <Country>
    <Code>MR</Code>
    <Name>Mauritania</Name>
  </Country>
  <Country>
    <Code>MU</Code>
    <Name>Mauritius</Name>
  </Country>
  <Country>
    <Code>YT</Code>
    <Name>Mayotte</Name>
  </Country>
  <Country>
    <Code>MX</Code>
    <Name>Mexico</Name>
  </Country>
  <Country>
    <Code>FM</Code>
    <Name>Micronesia, Federated States of</Name>
  </Country>
  <Country>
    <Code>MD</Code>
    <Name>Moldova</Name>
  </Country>
  <Country>
    <Code>MC</Code>
    <Name>Monaco</Name>
  </Country>
  <Country>
    <Code>MN</Code>
    <Name>Mongolia</Name>
  </Country>
  <Country>
    <Code>ME</Code>
    <Name>Montenegro</Name>
  </Country>
  <Country>
    <Code>MS</Code>
    <Name>Montserrat</Name>
  </Country>
  <Country>
    <Code>MA</Code>
    <Name>Morocco</Name>
  </Country>
  <Country>
    <Code>MZ</Code>
    <Name>Mozambique</Name>
  </Country>
  <Country>
    <Code>MM</Code>
    <Name>Myanmar</Name>
  </Country>
  <Country>
    <Code>NA</Code>
    <Name>Namibia</Name>
  </Country>
  <Country>
    <Code>NR</Code>
    <Name>Nauru</Name>
  </Country>
  <Country>
    <Code>NP</Code>
    <Name>Nepal</Name>
  </Country>
  <Country>
    <Code>NL</Code>
    <Name>Netherlands</Name>
  </Country>
  <Country>
    <Code>AN</Code>
    <Name>Netherlands Antilles</Name>
  </Country>
  <Country>
    <Code>NC</Code>
    <Name>New Caledonia</Name>
  </Country>
  <Country>
    <Code>NZ</Code>
    <Name>New Zealand</Name>
  </Country>
  <Country>
    <Code>NI</Code>
    <Name>Nicaragua</Name>
  </Country>
  <Country>
    <Code>NE</Code>
    <Name>Niger</Name>
  </Country>
  <Country>
    <Code>NG</Code>
    <Name>Nigeria</Name>
  </Country>
  <Country>
    <Code>NU</Code>
    <Name>Niue</Name>
  </Country>
  <Country>
    <Code>NF</Code>
    <Name>Norfolk Island</Name>
  </Country>
  <Country>
    <Code>MP</Code>
    <Name>Northern Mariana Islands</Name>
  </Country>
  <Country>
    <Code>NO</Code>
    <Name>Norway</Name>
  </Country>
  <Country>
    <Code>OM</Code>
    <Name>Oman</Name>
  </Country>
  <Country>
    <Code>PK</Code>
    <Name>Pakistan</Name>
  </Country>
  <Country>
    <Code>PW</Code>
    <Name>Palau</Name>
  </Country>
  <Country>
    <Code>PS</Code>
    <Name>Palestinian Territory</Name>
  </Country>
  <Country>
    <Code>PA</Code>
    <Name>Panama</Name>
  </Country>
  <Country>
    <Code>PG</Code>
    <Name>Papua New Guinea</Name>
  </Country>
  <Country>
    <Code>PY</Code>
    <Name>Paraguay</Name>
  </Country>
  <Country>
    <Code>PE</Code>
    <Name>Peru</Name>
  </Country>
  <Country>
    <Code>PH</Code>
    <Name>Philippines</Name>
  </Country>
  <Country>
    <Code>PN</Code>
    <Name>Pitcairn</Name>
  </Country>
  <Country>
    <Code>PL</Code>
    <Name>Poland</Name>
  </Country>
  <Country>
    <Code>PT</Code>
    <Name>Portugal</Name>
  </Country>
  <Country>
    <Code>PR</Code>
    <Name>Puerto Rico</Name>
  </Country>
  <Country>
    <Code>QA</Code>
    <Name>Qatar</Name>
  </Country>
  <Country>
    <Code>RE</Code>
    <Name>Reunion</Name>
  </Country>
  <Country>
    <Code>RO</Code>
    <Name>Romania</Name>
  </Country>
  <Country>
    <Code>RU</Code>
    <Name>Russian Federation</Name>
  </Country>
  <Country>
    <Code>RW</Code>
    <Name>Rwanda</Name>
  </Country>
  <Country>
    <Code>BL</Code>
    <Name>Saint-Barthelemy</Name>
  </Country>
  <Country>
    <Code>SH</Code>
    <Name>Saint Helena</Name>
  </Country>
  <Country>
    <Code>KN</Code>
    <Name>Saint Kitts and Nevis</Name>
  </Country>
  <Country>
    <Code>LC</Code>
    <Name>Saint Lucia</Name>
  </Country>
  <Country>
    <Code>MF</Code>
    <Name>Saint-Martin (French part)</Name>
  </Country>
  <Country>
    <Code>PM</Code>
    <Name>Saint Pierre and Miquelon</Name>
  </Country>
  <Country>
    <Code>VC</Code>
    <Name>Saint Vincent and Grenadines</Name>
  </Country>
  <Country>
    <Code>WS</Code>
    <Name>Samoa</Name>
  </Country>
  <Country>
    <Code>SM</Code>
    <Name>San Marino</Name>
  </Country>
  <Country>
    <Code>ST</Code>
    <Name>Sao Tome and Principe</Name>
  </Country>
  <Country>
    <Code>SA</Code>
    <Name>Saudi Arabia</Name>
  </Country>
  <Country>
    <Code>SN</Code>
    <Name>Senegal</Name>
  </Country>
  <Country>
    <Code>RS</Code>
    <Name>Serbia</Name>
  </Country>
  <Country>
    <Code>SC</Code>
    <Name>Seychelles</Name>
  </Country>
  <Country>
    <Code>SL</Code>
    <Name>Sierra Leone</Name>
  </Country>
  <Country>
    <Code>SG</Code>
    <Name>Singapore</Name>
  </Country>
  <Country>
    <Code>SK</Code>
    <Name>Slovakia</Name>
  </Country>
  <Country>
    <Code>SI</Code>
    <Name>Slovenia</Name>
  </Country>
  <Country>
    <Code>SB</Code>
    <Name>Solomon Islands</Name>
  </Country>
  <Country>
    <Code>SO</Code>
    <Name>Somalia</Name>
  </Country>
  <Country>
    <Code>ZA</Code>
    <Name>South Africa</Name>
  </Country>
  <Country>
    <Code>GS</Code>
    <Name>South Georgia and the South Sandwich Islands</Name>
  </Country>
  <Country>
    <Code>SS</Code>
    <Name>South Sudan</Name>
  </Country>
  <Country>
    <Code>ES</Code>
    <Name>Spain</Name>
  </Country>
  <Country>
    <Code>LK</Code>
    <Name>Sri Lanka</Name>
  </Country>
  <Country>
    <Code>SD</Code>
    <Name>Sudan</Name>
  </Country>
  <Country>
    <Code>SR</Code>
    <Name>Suriname</Name>
  </Country>
  <Country>
    <Code>SJ</Code>
    <Name>Svalbard and Jan Mayen Islands</Name>
  </Country>
  <Country>
    <Code>SZ</Code>
    <Name>Swaziland</Name>
  </Country>
  <Country>
    <Code>SE</Code>
    <Name>Sweden</Name>
  </Country>
  <Country>
    <Code>CH</Code>
    <Name>Switzerland</Name>
  </Country>
  <Country>
    <Code>SY</Code>
    <Name>Syrian Arab Republic(Syria)</Name>
  </Country>
  <Country>
    <Code>TW</Code>
    <Name>Taiwan, Republic of China</Name>
  </Country>
  <Country>
    <Code>TJ</Code>
    <Name>Tajikistan</Name>
  </Country>
  <Country>
    <Code>TZ</Code>
    <Name>Tanzania, United Republic of</Name>
  </Country>
  <Country>
    <Code>TH</Code>
    <Name>Thailand</Name>
  </Country>
  <Country>
    <Code>TL</Code>
    <Name>Timor-Leste</Name>
  </Country>
  <Country>
    <Code>TG</Code>
    <Name>Togo</Name>
  </Country>
  <Country>
    <Code>TK</Code>
    <Name>Tokelau</Name>
  </Country>
  <Country>
    <Code>TO</Code>
    <Name>Tonga</Name>
  </Country>
  <Country>
    <Code>TT</Code>
    <Name>Trinidad and Tobago</Name>
  </Country>
  <Country>
    <Code>TN</Code>
    <Name>Tunisia</Name>
  </Country>
  <Country>
    <Code>TR</Code>
    <Name>Turkey</Name>
  </Country>
  <Country>
    <Code>TM</Code>
    <Name>Turkmenistan</Name>
  </Country>
  <Country>
    <Code>TC</Code>
    <Name>Turks and Caicos Islands</Name>
  </Country>
  <Country>
    <Code>TV</Code>
    <Name>Tuvalu</Name>
  </Country>
  <Country>
    <Code>UG</Code>
    <Name>Uganda</Name>
  </Country>
  <Country>
    <Code>UA</Code>
    <Name>Ukraine</Name>
  </Country>
  <Country>
    <Code>AE</Code>
    <Name>United Arab Emirates</Name>
  </Country>
  <Country>
    <Code>GB</Code>
    <Name>United Kingdom</Name>
  </Country>
  <Country>
    <Code>US</Code>
    <Name>United States of America</Name>
  </Country>
  <Country>
    <Code>UM</Code>
    <Name>US Minor Outlying Islands</Name>
  </Country>
  <Country>
    <Code>UY</Code>
    <Name>Uruguay</Name>
  </Country>
  <Country>
    <Code>UZ</Code>
    <Name>Uzbekistan</Name>
  </Country>
  <Country>
    <Code>VU</Code>
    <Name>Vanuatu</Name>
  </Country>
  <Country>
    <Code>VE</Code>
    <Name>Venezuela(Bolivarian Republic)</Name>
  </Country>
  <Country>
    <Code>VN</Code>
    <Name>Viet Nam</Name>
  </Country>
  <Country>
    <Code>VI</Code>
    <Name>Virgin Islands, US</Name>
  </Country>
  <Country>
    <Code>WF</Code>
    <Name>Wallis and Futuna Islands</Name>
  </Country>
  <Country>
    <Code>EH</Code>
    <Name>Western Sahara</Name>
  </Country>
  <Country>
    <Code>YE</Code>
    <Name>Yemen</Name>
  </Country>
  <Country>
    <Code>ZM</Code>
    <Name>Zambia</Name>
  </Country>
  <Country>
    <Code>ZW</Code>
    <Name>Zimbabwe</Name>
  </Country>
  <Country>
    <Code>XX</Code>
    <Name>Lainnya</Name>
  </Country>
</CountryList>