{
  "CardInformation": [
    {
      "type": "Digital",
      "subType": "GPN",
      "category": "BLUE",
      "description": "PASPOR BLUE DIGITAL",
      "typeChar": "S",
      "cardNumbers": [
        "60190072",
        "60190073",
        "60190074"
      ]
    },
    {
      "type": "Digital",
      "subType": "GPN",
      "category": "GOLD",
      "description": "PASPOR GOLD DIGITAL",
      "typeChar": "G",
      "cardNumbers": [
        "60190082",
        "60190083",
        "60190084"
      ]
    },
    {
      "type": "Digital",
      "subType": "GPN",
      "category": "PLATINUM",
      "description": "PASPOR PLATINUM DIGITAL",
      "typeChar": "M",
      "cardNumbers": [
        "60190091",
        "60190092"
      ]
    },
    {
      "type": "Digital",
      "subType": "GPN",
      "category": "XPRESI",
      "description": "PASPOR XPRESI DIGITAL",
      "typeChar": "S",
      "cardNumbers": [
        "60190052",
        "60190053",
        "60190054"
      ]
    },
    {
      "type": "Digital",
      "subType": "Master",
      "category": "BLUE",
      "description": "PASPOR BLUE DIGITAL",
      "typeChar": "S",
      "cardNumbers": [
        "53794115",
        "53794116",
        "53794117",
        "53794118",
        "53794119"
      ]
    },
    {
      "type": "Digital",
      "subType": "Master",
      "category": "GOLD",
      "description": "PASPOR GOLD DIGITAL",
      "typeChar": "G",
      "cardNumbers": [
        "53079515",
        "53079516",
        "53079517",
        "53079518",
        "53079519"
      ]
    },
    {
      "type": "Digital",
      "subType": "Master",
      "category": "PLATINUM",
      "description": "PASPOR PLATINUM DIGITAL",
      "typeChar": "M",
      "cardNumbers": [
        "52605115",
        "52605116",
        "52605117",
        "52605118",
        "52605119"
      ]
    },
    {
      "type": "Digital",
      "subType": "Master",
      "category": "XPRESI",
      "description": "PASPOR XPRESI DIGITAL",
      "typeChar": "S",
      "cardNumbers": [
        "53794135",
        "53794136",
        "53794137",
        "53794138",
        "53794139"
      ]
    }
  ]
}
