﻿<?xml version="1.0" encoding="utf-8"?>
<XmlConfiguration xmlns="http://www.nh.com/Config">
	<XmlSection Name="System">
		<XmlParameters>
			<XmlParam Key="ModelName" Value="MV400" />
			<XmlParam Key="MachineNumber" Value="M0001" Option="5Digits"/>
      <XmlParam Key="Branch" Value="8140" Option="4Digits"/>
      <XmlParam Key="BranchName" Value="" Option="BCA"/>
			<XmlParam Key="DefaultLanguage" Value="id" Option="en|id|ko" />
			<XmlParam Key="DateFormat" Value="ddMMyyyy" Option="ddMMyyyy|MMddyyyy|yyyyMMdd|yyyyddMM" />
			<XmlParam Key="DeveloperMode" Value="True" />
      <XmlParam Key="SimulatorMode" Value="False" />
      <XmlParam Key="ApplicationVersion" Value="03.00.09.02" />
      <XmlParam Key="CountryCultureInfo" Value="EN:en-US|SP:es-MX|FR:fr-FR|KO:ko-KR|CH:zh-CN|JP:ja-JP|IT:it-IT|RU:ro-RO|GR:de-DE|PR:pt-BR|PO:pl-PL|ID:id-ID" />
      <XmlParam Key="EmulType" Value="NONE" Option="NDC|DDC|NONE" />
      <XmlParam Key="DailyReportTime" Value="1600" Option="0000~2359"/>
      <XmlParam Key="SWDownloadStartTime" Value="0300" Option="0000~2359"/>
      <XmlParam Key="SWDownloadEndTime" Value="0600" Option="0000~2359"/>
      <XmlParam Key="MasterVersion" Value="01.00.00.00" />
      <XmlParam Key="BranchVersion" Value="01.00.00.00" />
      <XmlParam Key="ServiceHourMode" Value="1" Option="1:Centralized,2:Local"/>
      <XmlParam Key="ServiceHourStartTime" Value="0500" Option="0000~2359"/>
      <XmlParam Key="ServiceHourEndTime" Value="2200" Option="0000~2359"/>
      <XmlParam Key="RunProcessList" Value="LogCleaner.exe,..\..\Monimanager\ATMAgent.exe" />
      <XmlParam Key="BCAVersion" Value="03.05.05.00" />
      <XmlParam Key="CardConsentVersion" Value="1.0" />
      <XmlParam Key="DigitalCardConsentVersion" Value="1.0" />
      <XmlParam Key="UserIDBranchCode" Value="" />
      <XmlParam Key="TimeForCheckingDownload" Value="60" />
    </XmlParameters>
	</XmlSection>
	<XmlSection Name="VideoBanking">
		<XmlParameters>
			<XmlParam Key="EnableVideoBanking" Value="False" />
			<XmlParam Key="AcceptCallTimeout" Value="30" Option="30 seconds" />
			<XmlParam Key="IsTeller" Value="False"/>
			<XmlParam Key="VideoDeviceIndex" Value ="1"/>
			<XmlParam Key="AudioDeviceIndex" Value ="1"/>
			<XmlParam Key="AutoSignIn" Value ="False"/>
		</XmlParameters>
	</XmlSection>
  <XmlSection Name="Mode">
    <XmlParameters>
      <XmlParam Key="ReconnectIntervalSec" Value="30" Option="30~600" />
      <XmlParam Key="CanGoOutOfSvcDuringTransaction" Value="FALSE" />
      <XmlParam Key="SimulateSupervisorMode" Value="False" />
      <XmlParam Key="SimulateOutOfServiceMode" Value="False" />
      <XmlParam Key="SendSupervisor4UpperDoor" Value="False" />
      <XmlParam Key="SupportSupervisorWithCabinetDoor" Value="False" />
      <XmlParam Key="SendUnsolMessageInSupervisor" Value="True" />
      <XmlParam Key="UseMaintenanceMode" Value="True" />
      <XmlParam Key="SendSimulatedSupervisorInMaintenanceMode" Value="True" />
    </XmlParameters>
  </XmlSection>
  <XmlSection Name="Journal">
    <XmlParameters>
      <XmlParam Key="JournalDirectory" Value="D:\EJournal" />
      <XmlParam Key="WriteTextJournal" Value="True" />
      <XmlParam Key="WriteMdbJournal" Value="True" />
      <XmlParam Key="JournalDeleteDays" Value="30" />
    </XmlParameters>
  </XmlSection>
  <XmlSection Name="State">
		<XmlParameters>
			<XmlParam Key="FlowEngineType" Value="LocalFlowEngine" Option="LocalFlowEngine|HybridFlowEngine" />
			<XmlParam Key="FlowEngineFile" Value="Flow.xml;OpenAccountFlow.xml;OpenAccount_FacilitiesFlow.xml;OpenAccount_Contingency.xml;EStatementFlow.xml;DigitalCardIssueFlow.xml;ChangeCardFlow.xml;ChangeCard_Normal.xml;ChangeCard_Xpresi.xml;ChangeCard_Conventional.xml;EChannelFlow.xml;EChannel_StatusUpdateFlow.xml" />
			<XmlParam Key="LocalFolder" Value="Local\VBK" />
      <!--<XmlParam Key="UseCardlessTrans" Value="True" />
      <XmlParam Key="EnableCardReaderDuringCardlessTrans" Value="True" />-->
		</XmlParameters>
	</XmlSection>
	<XmlSection Name="Screen">
		<XmlParameters>
      <XmlParam Key="DisplayMode" Value="Local" Option="Emulation|WebPage|Local" />
			<XmlParam Key="ResolutionWidth" Value="1920" />
			<XmlParam Key="ResolutionHeight" Value="1080" />
			<XmlParam Key="LocationX" Value="0" />
			<XmlParam Key="LocationY" Value="0" />
			<XmlParam Key="DefaultTimeout" Value="30" />
			<XmlParam Key="AdditionalTimeout" Value="30" />
      <XmlParam Key="BrandingName" Value="Customer" Option="Hyosung|Customer" />
      <XmlParam Key="InputLanguageLayoutName" Value="US" Option="US" />
      <XmlParam Key="HandwritingRecognizerName" Value="Microsoft 中文(简体)手写识别器" Option="Microsoft 中文(简体)手写识别器" />
      <XmlParam Key="LocalScreenResourceDictionary" Value="ResourceDictionary.xaml;Language\LanguageDictionary.xaml" />
      <XmlParam Key="EjectIDCCardScreen" Value="111.TakeOldCard" />
      <XmlParam Key="RetainIDCCardScreen" Value="113.CardRetained" />
      <XmlParam Key="ThankYouScreen" Value="990.Thankyou" />
      <XmlParam Key="SupportOAMainScreen" Value="False" />
    </XmlParameters>
	</XmlSection>
	<XmlSection Name="Operator">
		<XmlParameters>
			<XmlParam Key="DisplayDevice" Value="PIN,IDC,CRD,SPD,SPR,IDS,CAM,IDR" />
			<XmlParam Key="KeyType" Value="FrontTouch" Option="FrontTouch|FrontFunction|BackTouch" />
			<XmlParam Key="StartPosition" Value="0" />
			<XmlParam Key="StartPositionY" Value="0" />
			<XmlParam Key="ResolutionWidth" Value="1920" />
			<XmlParam Key="ResolutionHeight" Value="1080" />
			<XmlParam Key="AutoShowTransaction" Value="FALSE" />
			<XmlParam Key="ManualVKPosition" Value="RESERVED,ENTER,CLEAR,CANCEL" />
			<XmlParam Key="DisplayCardholderName" Value="None" Option="LastName|FirstName|FullName|None"/>
      <XmlParam Key="CardTypeOfCardDispenser" Value="8" />
      <XmlParam Key="CardTypeNames" Value="BLUE_M,GOLD_M,PLATINUM_M,XPRESI_M,BLUE_G,GOLD_G,PLATINUM_G,XPRESI_G" Option="TYPE1,TYPE2,TYPE3..."/>
      <XmlParam Key="CardMaxCountOfCardDispenser" Value="100" />
      <XmlParam Key="OnExitClearRetainedCardCount" Value="FALSE" />
      <XmlParam Key="MinLengthMobilePhoneNumber" Value="10" />
      <XmlParam Key="MaxLengthMobilePhoneNumber" Value="15" />
      <XmlParam Key="OnExitResetDevices" Value="TRUE" />
      <XmlParam Key="BranchCodeDirectory" Value="D:\BranchCodeMDB" />
      <XmlParam Key="MailTahapanBerjangkaAccountNumberPrefixInWordFile" Value="Nomor Sertifikat" />
      <XmlParam Key="MailTahapanBerjangkaCustomerNamePrefixInWordFile" Value="Nama Tertanggung" />
      <XmlParam Key="MailTahapanBerjangkaDateOfBirthPrefixInWordFile" Value="Tanggal Lahir" />
      <XmlParam Key="MailTahapanBerjangkaJakartaPrefixInWordFile" Value="Jakarta," />
      <XmlParam Key="MailAttachmentFilePrefix" Value="Image\\Sertifikat_TAHAKA" />
      <XmlParam Key="MailDocFormSamplePath" Value="Sertifikat_TAHAKA_Word.docx" />
		  <XmlParam Key="TimeForCheckingMMConfig" Value="120" />
      
		</XmlParameters>
	</XmlSection>
  <XmlSection Name="OperatorSecurity">
    <XmlParameters>
      <XmlParam Key="OperatorSecurityLevel" Value="HIGH" />
    </XmlParameters>
  </XmlSection>
</XmlConfiguration>