﻿<?xml version="1.0" encoding="utf-8"?>
<BNACount>
  <LASTCOUNTINFO DIRECTION="LastTransactionWasNotACashDeposit" REFUND="0" REJECT="0" VAULT="0" ESCROW="0" />
  <ACCUMULATEDCOUNTINFO REFUND="0" REJECT="0" VAULT="0" ESCROW="0" />
  <SUMMARY IDCOUNT="9" TOTALAMOUNT="0" ESCROW="0" VAULT="0" REFUND="0" REJECT="0">
    <NOTETYPE ID="1" CURRENCY="USD" VALUE="1" SYMBOL="$">
      <BOX ID="1" ESCROW="0" VAULT="0" REFUND="0" />
    </NOTETYPE>
    <NOTETYPE ID="2" CURRENCY="USD" VALUE="10" SYMBOL="$">
      <BOX ID="2" ESCROW="0" VAULT="0" REFUND="0" />
    </NOTETYPE>
    <NOTETYPE ID="3" CURRENCY="USD" VALUE="20" SYMBOL="$">
      <BOX ID="3" ESCROW="0" VAULT="0" REFUND="0" />
    </NOTETYPE>
    <NOTETYPE ID="4" CURRENCY="USD" VALUE="50" SYMBOL="$">
      <BOX ID="4" ESCROW="0" VAULT="0" REFUND="0" />
    </NOTETYPE>
    <NOTETYPE ID="5" CURRENCY="USD" VALUE="100" SYMBOL="$">
      <BOX ID="5" ESCROW="0" VAULT="0" REFUND="0" />
    </NOTETYPE>
    <NOTETYPE ID="6" CURRENCY="USD" VALUE="1000" SYMBOL="$">
      <BOX ID="6" ESCROW="0" VAULT="0" REFUND="0" />
    </NOTETYPE>
    <NOTETYPE ID="7" CURRENCY="USD" VALUE="10000" SYMBOL="$">
      <BOX ID="7" ESCROW="0" VAULT="0" REFUND="0" />
    </NOTETYPE>
    <NOTETYPE ID="8" CURRENCY="USD" VALUE="100000" SYMBOL="$">
      <BOX ID="8" ESCROW="0" VAULT="0" REFUND="0" />
    </NOTETYPE>
    <NOTETYPE ID="9" CURRENCY="USD" VALUE="1000000" SYMBOL="$">
      <BOX ID="9" ESCROW="0" VAULT="0" REFUND="0" />
    </NOTETYPE>
  </SUMMARY>
</BNACount>